[{"id":"00100000000001","orderdate":"2015-04-10","departure_date":"2015-04-10","booking_expired":"2015-04-10 07:30:00","device_id":"*$2y$10$LtgKu09qISqCLdvghgrhUOVqPm6NeEMkVApp7fDh8K35i5uZtmcam","reference_no":"","agent_id":845,"agent_code":"1100001","name":"smk","nrc_no":"","phone":"1231231","operator_id":10,"cash_credit":2,"booking":0,"total_amount":24800,"agent_commission":0,"user_id":15,"nationality":"local","remark_type":0,"remark":"","created_at":"2015-04-10 08:36:30","updated_at":"2015-04-10 08:36:48","expired_at":"2015-04-10 15:21:29","saleitems":[{"id":63,"order_id":"00100000000001","device_id":"*$2y$10$LtgKu09qISqCLdvghgrhUOVqPm6NeEMkVApp7fDh8K35i5uZtmcam","ticket_no":"29328283","seat_no":"1","nrc_no":"","name":"smk","phone":"","trip_id":"10131414DLY0830AM","from":13,"to":14,"extra_destination_id":0,"extra_city_id":0,"operator":10,"agent_id":845,"agent_code":"1100001","price":6200,"commission":0,"free_ticket":0,"free_ticket_remark":"","discount":0,"class_id":14,"foreign_price":0,"departure_date":"2015-04-10"},{"id":64,"order_id":"00100000000001","device_id":"*$2y$10$LtgKu09qISqCLdvghgrhUOVqPm6NeEMkVApp7fDh8K35i5uZtmcam","ticket_no":"29328283","seat_no":"2","nrc_no":"","name":"smk","phone":"","trip_id":"10131414DLY0830AM","from":13,"to":14,"extra_destination_id":0,"extra_city_id":0,"operator":10,"agent_id":845,"agent_code":"1100001","price":6200,"commission":0,"free_ticket":0,"free_ticket_remark":"","discount":0,"class_id":14,"foreign_price":0,"departure_date":"2015-04-10"},{"id":65,"order_id":"00100000000001","device_id":"*$2y$10$LtgKu09qISqCLdvghgrhUOVqPm6NeEMkVApp7fDh8K35i5uZtmcam","ticket_no":"29328283","seat_no":"3","nrc_no":"","name":"smk","phone":"","trip_id":"10131414DLY0830AM","from":13,"to":14,"extra_destination_id":0,"extra_city_id":0,"operator":10,"agent_id":845,"agent_code":"1100001","price":6200,"commission":0,"free_ticket":0,"free_ticket_remark":"","discount":0,"class_id":14,"foreign_price":0,"departure_date":"2015-04-10"},{"id":66,"order_id":"00100000000001","device_id":"*$2y$10$LtgKu09qISqCLdvghgrhUOVqPm6NeEMkVApp7fDh8K35i5uZtmcam","ticket_no":"29328283","seat_no":"4","nrc_no":"","name":"smk","phone":"","trip_id":"10131414DLY0830AM","from":13,"to":14,"extra_destination_id":0,"extra_city_id":0,"operator":10,"agent_id":845,"agent_code":"1100001","price":6200,"commission":0,"free_ticket":0,"free_ticket_remark":"","discount":0,"class_id":14,"foreign_price":0,"departure_date":"2015-04-10"}]},{"id":"00100000000002","orderdate":"2015-04-10","departure_date":"2015-04-10","booking_expired":"2015-04-10 18:00:00","device_id":"*$2y$10$gZBuOm4w1VQ0PgbQgthsrOAbTEoa2j\/B.a5WqSobWwIc8dlUAm8HC","reference_no":"","agent_id":845,"agent_code":"1100001","name":"smk","nrc_no":"","phone":"2342342","operator_id":10,"cash_credit":2,"booking":0,"total_amount":60000,"agent_commission":0,"user_id":15,"nationality":"local","remark_type":0,"remark":"","created_at":"2015-04-10 08:37:06","updated_at":"2015-04-10 08:37:45","expired_at":"2015-04-10 15:22:05","saleitems":[{"id":67,"order_id":"00100000000002","device_id":"*$2y$10$gZBuOm4w1VQ0PgbQgthsrOAbTEoa2j\/B.a5WqSobWwIc8dlUAm8HC","ticket_no":"32423423","seat_no":"1","nrc_no":"","name":"smk","phone":"","trip_id":"10131514DLY700PM","from":13,"to":15,"extra_destination_id":0,"extra_city_id":0,"operator":10,"agent_id":845,"agent_code":"1100001","price":15000,"commission":0,"free_ticket":0,"free_ticket_remark":"","discount":0,"class_id":14,"foreign_price":0,"departure_date":"2015-04-10"},{"id":68,"order_id":"00100000000002","device_id":"*$2y$10$gZBuOm4w1VQ0PgbQgthsrOAbTEoa2j\/B.a5WqSobWwIc8dlUAm8HC","ticket_no":"32423423","seat_no":"2","nrc_no":"","name":"smk","phone":"","trip_id":"10131514DLY700PM","from":13,"to":15,"extra_destination_id":0,"extra_city_id":0,"operator":10,"agent_id":845,"agent_code":"1100001","price":15000,"commission":0,"free_ticket":0,"free_ticket_remark":"","discount":0,"class_id":14,"foreign_price":0,"departure_date":"2015-04-10"},{"id":69,"order_id":"00100000000002","device_id":"*$2y$10$gZBuOm4w1VQ0PgbQgthsrOAbTEoa2j\/B.a5WqSobWwIc8dlUAm8HC","ticket_no":"32423423","seat_no":"3","nrc_no":"","name":"smk","phone":"","trip_id":"10131514DLY700PM","from":13,"to":15,"extra_destination_id":0,"extra_city_id":0,"operator":10,"agent_id":845,"agent_code":"1100001","price":15000,"commission":0,"free_ticket":0,"free_ticket_remark":"","discount":0,"class_id":14,"foreign_price":0,"departure_date":"2015-04-10"},{"id":70,"order_id":"00100000000002","device_id":"*$2y$10$gZBuOm4w1VQ0PgbQgthsrOAbTEoa2j\/B.a5WqSobWwIc8dlUAm8HC","ticket_no":"32423423","seat_no":"4","nrc_no":"","name":"smk","phone":"","trip_id":"10131514DLY700PM","from":13,"to":15,"extra_destination_id":0,"extra_city_id":0,"operator":10,"agent_id":845,"agent_code":"1100001","price":15000,"commission":0,"free_ticket":0,"free_ticket_remark":"","discount":0,"class_id":14,"foreign_price":0,"departure_date":"2015-04-10"}]}]