[{"id":"0011000500025028","orderdate":"2015-04-24","departure_date":"2015-05-10","booking_expired":"2015-05-10 20:45:00","device_id":"7651BFE177CCE2F5A249BDE0035DC50B936E0B11","reference_no":"","agent_id":737,"agent_code":"","name":"Dr\u1031\u1019\u103b\u1015\u1036\u1033\u1038\u1031\u1000\u103a\u102c\u1039","nrc_no":"","phone":"","operator_id":11,"cash_credit":1,"booking":1,"total_amount":0,"agent_commission":0,"user_id":27,"nationality":"","remark_type":5,"remark":"Booking Expired","created_at":"2015-04-24 03:50:37","updated_at":"2015-05-12 09:44:04","expired_at":"2015-04-24 10:25:36","saleitems":[{"id":20859,"order_id":"0011000500025028","device_id":"7651BFE177CCE2F5A249BDE0035DC50B936E0B11","ticket_no":"","seat_no":"B.1","nrc_no":"","name":"Dr\u1031\u1019\u103b\u1015\u1036\u1033\u1038\u1031\u1000\u103a\u102c\u1039","phone":"","busoccurance_id":16842,"trip_id":"11131819DLY0900PM1","from":13,"to":18,"extra_destination_id":0,"extra_city_id":0,"operator":11,"agent_id":737,"agent_code":"","price":20200,"free_ticket":0,"free_ticket_remark":"","discount":0,"class_id":19,"foreign_price":20200,"departure_date":"2015-05-10"}]},{"id":"0011000500025032","orderdate":"2015-04-24","departure_date":"2015-05-11","booking_expired":"2015-05-11 20:45:00","device_id":"7651BFE177CCE2F5A249BDE0035DC50B936E0B11","reference_no":"","agent_id":737,"agent_code":"","name":"\u1025\u102e\u1038\u1031\u1019\u102c\u1004\u1039\u1031\u1019\u102c\u1004\u1039\u1010\u1004\u1039","nrc_no":"","phone":"","operator_id":11,"cash_credit":1,"booking":1,"total_amount":0,"agent_commission":0,"user_id":27,"nationality":"","remark_type":5,"remark":"Booking Expired","created_at":"2015-04-24 03:52:27","updated_at":"2015-05-12 09:44:04","expired_at":"2015-04-24 10:27:26","saleitems":[{"id":20860,"order_id":"0011000500025032","device_id":"7651BFE177CCE2F5A249BDE0035DC50B936E0B11","ticket_no":"","seat_no":"B.2","nrc_no":"","name":"\u1025\u102e\u1038\u1031\u1019\u102c\u1004\u1039\u1031\u1019\u102c\u1004\u1039\u1010\u1004\u1039","phone":"","busoccurance_id":16844,"trip_id":"11131819DLY0900PM1","from":13,"to":18,"extra_destination_id":0,"extra_city_id":0,"operator":11,"agent_id":737,"agent_code":"","price":20200,"free_ticket":0,"free_ticket_remark":"","discount":0,"class_id":19,"foreign_price":20200,"departure_date":"2015-05-11"},{"id":20861,"order_id":"0011000500025032","device_id":"7651BFE177CCE2F5A249BDE0035DC50B936E0B11","ticket_no":"","seat_no":"B.3","nrc_no":"","name":"\u1025\u102e\u1038\u1031\u1019\u102c\u1004\u1039\u1031\u1019\u102c\u1004\u1039\u1010\u1004\u1039","phone":"","busoccurance_id":16844,"trip_id":"11131819DLY0900PM1","from":13,"to":18,"extra_destination_id":0,"extra_city_id":0,"operator":11,"agent_id":737,"agent_code":"","price":20200,"free_ticket":0,"free_ticket_remark":"","discount":0,"class_id":19,"foreign_price":20200,"departure_date":"2015-05-11"}]},{"id":"0011000500025037","orderdate":"2015-04-24","departure_date":"2015-05-10","booking_expired":"2015-05-10 13:45:00","device_id":"7651BFE177CCE2F5A249BDE0035DC50B936E0B11","reference_no":"","agent_id":737,"agent_code":"","name":"\u1019\u1019","nrc_no":"","phone":"","operator_id":11,"cash_credit":1,"booking":1,"total_amount":0,"agent_commission":0,"user_id":27,"nationality":"","remark_type":0,"remark":"Booking Expired","created_at":"2015-04-24 03:59:09","updated_at":"2015-05-12 09:44:04","expired_at":"2015-04-24 10:34:08","saleitems":[{"id":20862,"order_id":"0011000500025037","device_id":"7651BFE177CCE2F5A249BDE0035DC50B936E0B11","ticket_no":"","seat_no":"15","nrc_no":"","name":"\u1019\u1019","phone":"","busoccurance_id":16424,"trip_id":"11131417DLY0200PM1","from":13,"to":14,"extra_destination_id":0,"extra_city_id":0,"operator":11,"agent_id":737,"agent_code":"","price":7200,"free_ticket":0,"free_ticket_remark":"","discount":0,"class_id":17,"foreign_price":7200,"departure_date":"2015-05-10"},{"id":20863,"order_id":"0011000500025037","device_id":"7651BFE177CCE2F5A249BDE0035DC50B936E0B11","ticket_no":"","seat_no":"16","nrc_no":"","name":"\u1019\u1019","phone":"","busoccurance_id":16424,"trip_id":"11131417DLY0200PM1","from":13,"to":14,"extra_destination_id":0,"extra_city_id":0,"operator":11,"agent_id":737,"agent_code":"","price":7200,"free_ticket":0,"free_ticket_remark":"","discount":0,"class_id":17,"foreign_price":7200,"departure_date":"2015-05-10"}]},{"id":"0011000500025038","orderdate":"2015-04-24","departure_date":"2015-05-10","booking_expired":"2015-05-10 21:15:00","device_id":"7651BFE177CCE2F5A249BDE0035DC50B936E0B11","reference_no":"","agent_id":737,"agent_code":"","name":"\u1019\u1019","nrc_no":"","phone":"","operator_id":11,"cash_credit":1,"booking":1,"total_amount":0,"agent_commission":0,"user_id":27,"nationality":"","remark_type":0,"remark":"Booking Expired","created_at":"2015-04-24 03:59:38","updated_at":"2015-05-12 09:44:04","expired_at":"2015-04-24 10:34:36","saleitems":[{"id":20864,"order_id":"0011000500025038","device_id":"7651BFE177CCE2F5A249BDE0035DC50B936E0B11","ticket_no":"","seat_no":"5","nrc_no":"","name":"\u1019\u1019","phone":"","busoccurance_id":16546,"trip_id":"11131417DLY0930PM1","from":13,"to":14,"extra_destination_id":0,"extra_city_id":0,"operator":11,"agent_id":737,"agent_code":"","price":7200,"free_ticket":0,"free_ticket_remark":"","discount":0,"class_id":17,"foreign_price":7200,"departure_date":"2015-05-10"},{"id":20865,"order_id":"0011000500025038","device_id":"7651BFE177CCE2F5A249BDE0035DC50B936E0B11","ticket_no":"","seat_no":"6","nrc_no":"","name":"\u1019\u1019","phone":"","busoccurance_id":16546,"trip_id":"11131417DLY0930PM1","from":13,"to":14,"extra_destination_id":0,"extra_city_id":0,"operator":11,"agent_id":737,"agent_code":"","price":7200,"free_ticket":0,"free_ticket_remark":"","discount":0,"class_id":17,"foreign_price":7200,"departure_date":"2015-05-10"},{"id":20866,"order_id":"0011000500025038","device_id":"7651BFE177CCE2F5A249BDE0035DC50B936E0B11","ticket_no":"","seat_no":"11","nrc_no":"","name":"\u1019\u1019","phone":"","busoccurance_id":16546,"trip_id":"11131417DLY0930PM1","from":13,"to":14,"extra_destination_id":0,"extra_city_id":0,"operator":11,"agent_id":737,"agent_code":"","price":7200,"free_ticket":0,"free_ticket_remark":"","discount":0,"class_id":17,"foreign_price":7200,"departure_date":"2015-05-10"},{"id":20867,"order_id":"0011000500025038","device_id":"7651BFE177CCE2F5A249BDE0035DC50B936E0B11","ticket_no":"","seat_no":"12","nrc_no":"","name":"\u1019\u1019","phone":"","busoccurance_id":16546,"trip_id":"11131417DLY0930PM1","from":13,"to":14,"extra_destination_id":0,"extra_city_id":0,"operator":11,"agent_id":737,"agent_code":"","price":7200,"free_ticket":0,"free_ticket_remark":"","discount":0,"class_id":17,"foreign_price":7200,"departure_date":"2015-05-10"}]},{"id":"0011000500025039","orderdate":"2015-04-24","departure_date":"2015-05-10","booking_expired":"2015-05-10 21:45:00","device_id":"7651BFE177CCE2F5A249BDE0035DC50B936E0B11","reference_no":"","agent_id":737,"agent_code":"","name":"\u1019\u1019","nrc_no":"","phone":"","operator_id":11,"cash_credit":1,"booking":1,"total_amount":0,"agent_commission":0,"user_id":27,"nationality":"","remark_type":0,"remark":"Booking Expired","created_at":"2015-04-24 04:00:06","updated_at":"2015-05-12 09:44:04","expired_at":"2015-04-24 10:35:05","saleitems":[{"id":20868,"order_id":"0011000500025039","device_id":"7651BFE177CCE2F5A249BDE0035DC50B936E0B11","ticket_no":"","seat_no":"5","nrc_no":"","name":"\u1019\u1019","phone":"","busoccurance_id":17613,"trip_id":"11131417DLY1000PM1","from":13,"to":14,"extra_destination_id":0,"extra_city_id":0,"operator":11,"agent_id":737,"agent_code":"","price":7200,"free_ticket":0,"free_ticket_remark":"","discount":0,"class_id":17,"foreign_price":7200,"departure_date":"2015-05-10"},{"id":20869,"order_id":"0011000500025039","device_id":"7651BFE177CCE2F5A249BDE0035DC50B936E0B11","ticket_no":"","seat_no":"6","nrc_no":"","name":"\u1019\u1019","phone":"","busoccurance_id":17613,"trip_id":"11131417DLY1000PM1","from":13,"to":14,"extra_destination_id":0,"extra_city_id":0,"operator":11,"agent_id":737,"agent_code":"","price":7200,"free_ticket":0,"free_ticket_remark":"","discount":0,"class_id":17,"foreign_price":7200,"departure_date":"2015-05-10"},{"id":20870,"order_id":"0011000500025039","device_id":"7651BFE177CCE2F5A249BDE0035DC50B936E0B11","ticket_no":"","seat_no":"11","nrc_no":"","name":"\u1019\u1019","phone":"","busoccurance_id":17613,"trip_id":"11131417DLY1000PM1","from":13,"to":14,"extra_destination_id":0,"extra_city_id":0,"operator":11,"agent_id":737,"agent_code":"","price":7200,"free_ticket":0,"free_ticket_remark":"","discount":0,"class_id":17,"foreign_price":7200,"departure_date":"2015-05-10"},{"id":20871,"order_id":"0011000500025039","device_id":"7651BFE177CCE2F5A249BDE0035DC50B936E0B11","ticket_no":"","seat_no":"12","nrc_no":"","name":"\u1019\u1019","phone":"","busoccurance_id":17613,"trip_id":"11131417DLY1000PM1","from":13,"to":14,"extra_destination_id":0,"extra_city_id":0,"operator":11,"agent_id":737,"agent_code":"","price":7200,"free_ticket":0,"free_ticket_remark":"","discount":0,"class_id":17,"foreign_price":7200,"departure_date":"2015-05-10"},{"id":20872,"order_id":"0011000500025039","device_id":"7651BFE177CCE2F5A249BDE0035DC50B936E0B11","ticket_no":"","seat_no":"16","nrc_no":"","name":"\u1019\u1019","phone":"","busoccurance_id":17613,"trip_id":"11131417DLY1000PM1","from":13,"to":14,"extra_destination_id":0,"extra_city_id":0,"operator":11,"agent_id":737,"agent_code":"","price":7200,"free_ticket":0,"free_ticket_remark":"","discount":0,"class_id":17,"foreign_price":7200,"departure_date":"2015-05-10"}]},{"id":"0011000500025041","orderdate":"2015-04-24","departure_date":"2015-05-10","booking_expired":"2015-05-10 19:45:00","device_id":"7651BFE177CCE2F5A249BDE0035DC50B936E0B11","reference_no":"","agent_id":737,"agent_code":"","name":"\u1019\u1019","nrc_no":"","phone":"","operator_id":11,"cash_credit":1,"booking":1,"total_amount":0,"agent_commission":0,"user_id":27,"nationality":"","remark_type":0,"remark":"Booking Expired","created_at":"2015-04-24 04:00:36","updated_at":"2015-05-12 09:44:04","expired_at":"2015-04-24 10:35:34","saleitems":[{"id":20873,"order_id":"0011000500025041","device_id":"7651BFE177CCE2F5A249BDE0035DC50B936E0B11","ticket_no":"","seat_no":"2.C","nrc_no":"","name":"\u1019\u1019","phone":"","busoccurance_id":16720,"trip_id":"11131418DLY0800PM1","from":13,"to":14,"extra_destination_id":0,"extra_city_id":0,"operator":11,"agent_id":737,"agent_code":"","price":9000,"free_ticket":0,"free_ticket_remark":"","discount":0,"class_id":18,"foreign_price":9000,"departure_date":"2015-05-10"},{"id":20874,"order_id":"0011000500025041","device_id":"7651BFE177CCE2F5A249BDE0035DC50B936E0B11","ticket_no":"","seat_no":"2.D","nrc_no":"","name":"\u1019\u1019","phone":"","busoccurance_id":16720,"trip_id":"11131418DLY0800PM1","from":13,"to":14,"extra_destination_id":0,"extra_city_id":0,"operator":11,"agent_id":737,"agent_code":"","price":9000,"free_ticket":0,"free_ticket_remark":"","discount":0,"class_id":18,"foreign_price":9000,"departure_date":"2015-05-10"},{"id":20875,"order_id":"0011000500025041","device_id":"7651BFE177CCE2F5A249BDE0035DC50B936E0B11","ticket_no":"","seat_no":"5.C","nrc_no":"","name":"\u1019\u1019","phone":"","busoccurance_id":16720,"trip_id":"11131418DLY0800PM1","from":13,"to":14,"extra_destination_id":0,"extra_city_id":0,"operator":11,"agent_id":737,"agent_code":"","price":9000,"free_ticket":0,"free_ticket_remark":"","discount":0,"class_id":18,"foreign_price":9000,"departure_date":"2015-05-10"},{"id":20876,"order_id":"0011000500025041","device_id":"7651BFE177CCE2F5A249BDE0035DC50B936E0B11","ticket_no":"","seat_no":"5.D","nrc_no":"","name":"\u1019\u1019","phone":"","busoccurance_id":16720,"trip_id":"11131418DLY0800PM1","from":13,"to":14,"extra_destination_id":0,"extra_city_id":0,"operator":11,"agent_id":737,"agent_code":"","price":9000,"free_ticket":0,"free_ticket_remark":"","discount":0,"class_id":18,"foreign_price":9000,"departure_date":"2015-05-10"}]},{"id":"0011000500025043","orderdate":"2015-04-24","departure_date":"2015-05-10","booking_expired":"2015-05-10 17:45:00","device_id":"7651BFE177CCE2F5A249BDE0035DC50B936E0B11","reference_no":"","agent_id":737,"agent_code":"","name":"\u1019\u1019","nrc_no":"","phone":"","operator_id":11,"cash_credit":1,"booking":1,"total_amount":0,"agent_commission":0,"user_id":27,"nationality":"","remark_type":0,"remark":"Booking Expired","created_at":"2015-04-24 04:01:02","updated_at":"2015-05-12 09:44:04","expired_at":"2015-04-24 10:36:01","saleitems":[{"id":20877,"order_id":"0011000500025043","device_id":"7651BFE177CCE2F5A249BDE0035DC50B936E0B11","ticket_no":"","seat_no":"2.C","nrc_no":"","name":"\u1019\u1019","phone":"","busoccurance_id":16668,"trip_id":"11131418DLY0600PM1","from":13,"to":14,"extra_destination_id":0,"extra_city_id":0,"operator":11,"agent_id":737,"agent_code":"","price":9000,"free_ticket":0,"free_ticket_remark":"","discount":0,"class_id":18,"foreign_price":9000,"departure_date":"2015-05-10"},{"id":20878,"order_id":"0011000500025043","device_id":"7651BFE177CCE2F5A249BDE0035DC50B936E0B11","ticket_no":"","seat_no":"2.D","nrc_no":"","name":"\u1019\u1019","phone":"","busoccurance_id":16668,"trip_id":"11131418DLY0600PM1","from":13,"to":14,"extra_destination_id":0,"extra_city_id":0,"operator":11,"agent_id":737,"agent_code":"","price":9000,"free_ticket":0,"free_ticket_remark":"","discount":0,"class_id":18,"foreign_price":9000,"departure_date":"2015-05-10"}]},{"id":"0011000500025045","orderdate":"2015-04-24","departure_date":"2015-05-10","booking_expired":"2015-05-10 17:45:00","device_id":"7651BFE177CCE2F5A249BDE0035DC50B936E0B11","reference_no":"","agent_id":628,"agent_code":"","name":"\u1031\u1000\u103a\u102c\u1039\u1031\u100c\u1038","nrc_no":"","phone":"","operator_id":11,"cash_credit":1,"booking":1,"total_amount":0,"agent_commission":0,"user_id":27,"nationality":"","remark_type":0,"remark":"Booking Expired","created_at":"2015-04-24 04:01:28","updated_at":"2015-05-12 09:44:04","expired_at":"2015-04-24 10:36:26","saleitems":[{"id":20879,"order_id":"0011000500025045","device_id":"7651BFE177CCE2F5A249BDE0035DC50B936E0B11","ticket_no":"","seat_no":"5.C","nrc_no":"","name":"\u1031\u1000\u103a\u102c\u1039\u1031\u100c\u1038","phone":"","busoccurance_id":16668,"trip_id":"11131418DLY0600PM1","from":13,"to":14,"extra_destination_id":0,"extra_city_id":0,"operator":11,"agent_id":628,"agent_code":"","price":9000,"free_ticket":0,"free_ticket_remark":"","discount":0,"class_id":18,"foreign_price":9000,"departure_date":"2015-05-10"},{"id":20880,"order_id":"0011000500025045","device_id":"7651BFE177CCE2F5A249BDE0035DC50B936E0B11","ticket_no":"","seat_no":"5.D","nrc_no":"","name":"\u1031\u1000\u103a\u102c\u1039\u1031\u100c\u1038","phone":"","busoccurance_id":16668,"trip_id":"11131418DLY0600PM1","from":13,"to":14,"extra_destination_id":0,"extra_city_id":0,"operator":11,"agent_id":628,"agent_code":"","price":9000,"free_ticket":0,"free_ticket_remark":"","discount":0,"class_id":18,"foreign_price":9000,"departure_date":"2015-05-10"}]},{"id":"0011000500025078","orderdate":"2015-04-24","departure_date":"2015-05-11","booking_expired":"2015-05-11 06:45:00","device_id":"7651BFE177CCE2F5A249BDE0035DC50B936E0B11","reference_no":"","agent_id":737,"agent_code":"","name":"\u1019\u1019","nrc_no":"","phone":"","operator_id":11,"cash_credit":1,"booking":1,"total_amount":0,"agent_commission":0,"user_id":27,"nationality":"","remark_type":0,"remark":"Booking Expired","created_at":"2015-04-24 04:17:12","updated_at":"2015-05-12 09:44:04","expired_at":"2015-04-24 10:52:11","saleitems":[{"id":20881,"order_id":"0011000500025078","device_id":"7651BFE177CCE2F5A249BDE0035DC50B936E0B11","ticket_no":"","seat_no":"2.C","nrc_no":"","name":"\u1019\u1019","phone":"","busoccurance_id":16608,"trip_id":"11131418DLY0700AM1","from":13,"to":14,"extra_destination_id":0,"extra_city_id":0,"operator":11,"agent_id":737,"agent_code":"","price":9000,"free_ticket":0,"free_ticket_remark":"","discount":0,"class_id":18,"foreign_price":9000,"departure_date":"2015-05-11"},{"id":20882,"order_id":"0011000500025078","device_id":"7651BFE177CCE2F5A249BDE0035DC50B936E0B11","ticket_no":"","seat_no":"2.D","nrc_no":"","name":"\u1019\u1019","phone":"","busoccurance_id":16608,"trip_id":"11131418DLY0700AM1","from":13,"to":14,"extra_destination_id":0,"extra_city_id":0,"operator":11,"agent_id":737,"agent_code":"","price":9000,"free_ticket":0,"free_ticket_remark":"","discount":0,"class_id":18,"foreign_price":9000,"departure_date":"2015-05-11"}]},{"id":"0011000500025079","orderdate":"2015-04-24","departure_date":"2015-05-11","booking_expired":"2015-05-11 17:45:00","device_id":"7651BFE177CCE2F5A249BDE0035DC50B936E0B11","reference_no":"","agent_id":737,"agent_code":"","name":"\u1019\u1019","nrc_no":"","phone":"","operator_id":11,"cash_credit":1,"booking":1,"total_amount":0,"agent_commission":0,"user_id":27,"nationality":"","remark_type":0,"remark":"Booking Expired","created_at":"2015-04-24 04:17:35","updated_at":"2015-05-12 09:44:04","expired_at":"2015-04-24 10:52:34","saleitems":[{"id":20883,"order_id":"0011000500025079","device_id":"7651BFE177CCE2F5A249BDE0035DC50B936E0B11","ticket_no":"","seat_no":"2.C","nrc_no":"","name":"\u1019\u1019","phone":"","busoccurance_id":16669,"trip_id":"11131418DLY0600PM1","from":13,"to":14,"extra_destination_id":0,"extra_city_id":0,"operator":11,"agent_id":737,"agent_code":"","price":9000,"free_ticket":0,"free_ticket_remark":"","discount":0,"class_id":18,"foreign_price":9000,"departure_date":"2015-05-11"},{"id":20884,"order_id":"0011000500025079","device_id":"7651BFE177CCE2F5A249BDE0035DC50B936E0B11","ticket_no":"","seat_no":"2.D","nrc_no":"","name":"\u1019\u1019","phone":"","busoccurance_id":16669,"trip_id":"11131418DLY0600PM1","from":13,"to":14,"extra_destination_id":0,"extra_city_id":0,"operator":11,"agent_id":737,"agent_code":"","price":9000,"free_ticket":0,"free_ticket_remark":"","discount":0,"class_id":18,"foreign_price":9000,"departure_date":"2015-05-11"}]},{"id":"0011000500025081","orderdate":"2015-04-24","departure_date":"2015-05-11","booking_expired":"2015-05-11 19:45:00","device_id":"7651BFE177CCE2F5A249BDE0035DC50B936E0B11","reference_no":"","agent_id":737,"agent_code":"","name":"\u1019\u1019","nrc_no":"","phone":"","operator_id":11,"cash_credit":1,"booking":1,"total_amount":0,"agent_commission":0,"user_id":27,"nationality":"","remark_type":0,"remark":"Booking Expired","created_at":"2015-04-24 04:17:59","updated_at":"2015-05-12 09:44:04","expired_at":"2015-04-24 10:52:57","saleitems":[{"id":20885,"order_id":"0011000500025081","device_id":"7651BFE177CCE2F5A249BDE0035DC50B936E0B11","ticket_no":"","seat_no":"2.C","nrc_no":"","name":"\u1019\u1019","phone":"","busoccurance_id":16722,"trip_id":"11131418DLY0800PM1","from":13,"to":14,"extra_destination_id":0,"extra_city_id":0,"operator":11,"agent_id":737,"agent_code":"","price":9000,"free_ticket":0,"free_ticket_remark":"","discount":0,"class_id":18,"foreign_price":9000,"departure_date":"2015-05-11"},{"id":20886,"order_id":"0011000500025081","device_id":"7651BFE177CCE2F5A249BDE0035DC50B936E0B11","ticket_no":"","seat_no":"2.D","nrc_no":"","name":"\u1019\u1019","phone":"","busoccurance_id":16722,"trip_id":"11131418DLY0800PM1","from":13,"to":14,"extra_destination_id":0,"extra_city_id":0,"operator":11,"agent_id":737,"agent_code":"","price":9000,"free_ticket":0,"free_ticket_remark":"","discount":0,"class_id":18,"foreign_price":9000,"departure_date":"2015-05-11"}]},{"id":"0011000500025083","orderdate":"2015-04-24","departure_date":"2015-05-12","booking_expired":"2015-05-12 06:45:00","device_id":"7651BFE177CCE2F5A249BDE0035DC50B936E0B11","reference_no":"","agent_id":737,"agent_code":"","name":"\u1019\u1019","nrc_no":"","phone":"","operator_id":11,"cash_credit":1,"booking":1,"total_amount":0,"agent_commission":0,"user_id":27,"nationality":"","remark_type":0,"remark":"Booking Expired","created_at":"2015-04-24 04:18:21","updated_at":"2015-05-12 09:44:04","expired_at":"2015-04-24 10:53:20","saleitems":[{"id":20887,"order_id":"0011000500025083","device_id":"7651BFE177CCE2F5A249BDE0035DC50B936E0B11","ticket_no":"","seat_no":"2.C","nrc_no":"","name":"\u1019\u1019","phone":"","busoccurance_id":16609,"trip_id":"11131418DLY0700AM1","from":13,"to":14,"extra_destination_id":0,"extra_city_id":0,"operator":11,"agent_id":737,"agent_code":"","price":9000,"free_ticket":0,"free_ticket_remark":"","discount":0,"class_id":18,"foreign_price":9000,"departure_date":"2015-05-12"},{"id":20888,"order_id":"0011000500025083","device_id":"7651BFE177CCE2F5A249BDE0035DC50B936E0B11","ticket_no":"","seat_no":"2.D","nrc_no":"","name":"\u1019\u1019","phone":"","busoccurance_id":16609,"trip_id":"11131418DLY0700AM1","from":13,"to":14,"extra_destination_id":0,"extra_city_id":0,"operator":11,"agent_id":737,"agent_code":"","price":9000,"free_ticket":0,"free_ticket_remark":"","discount":0,"class_id":18,"foreign_price":9000,"departure_date":"2015-05-12"}]},{"id":"0011000500025808","orderdate":"2015-04-27","departure_date":"2015-05-10","booking_expired":"2015-05-10 21:45:00","device_id":"86BFB4D2EBB8629FA7F0F0A27C4BCECE5BC7B4DE","reference_no":"","agent_id":737,"agent_code":"","name":"\u1014\u108f\u1075\u102c\u101a\u1030","nrc_no":"","phone":"","operator_id":11,"cash_credit":1,"booking":1,"total_amount":0,"agent_commission":0,"user_id":27,"nationality":"","remark_type":0,"remark":"Booking Expired","created_at":"2015-04-27 01:50:58","updated_at":"2015-05-12 09:44:04","expired_at":"2015-04-27 08:25:56","saleitems":[{"id":20889,"order_id":"0011000500025808","device_id":"86BFB4D2EBB8629FA7F0F0A27C4BCECE5BC7B4DE","ticket_no":"","seat_no":"5","nrc_no":"","name":"\u1014\u108f\u1075\u102c\u101a\u1030","phone":"","busoccurance_id":20021,"trip_id":"11131417DLY1000PM2","from":13,"to":14,"extra_destination_id":0,"extra_city_id":0,"operator":11,"agent_id":737,"agent_code":"","price":7200,"free_ticket":0,"free_ticket_remark":"","discount":0,"class_id":17,"foreign_price":7200,"departure_date":"2015-05-10"}]},{"id":"00110400000635","orderdate":"2015-05-03","departure_date":"2015-05-10","booking_expired":"2015-05-10 17:50:00","device_id":"6417875C88DE05A253A30A16AF4D5C79E7F4CFAF","reference_no":"","agent_id":737,"agent_code":"","name":"\u101d\u102b\u1031\u1019\u1015\u102d\u102f\u1004\u1039","nrc_no":"","phone":"","operator_id":11,"cash_credit":1,"booking":1,"total_amount":0,"agent_commission":0,"user_id":40,"nationality":"","remark_type":0,"remark":"Booking Expired","created_at":"2015-05-03 01:58:31","updated_at":"2015-05-12 09:44:04","expired_at":"2015-05-03 08:33:30","saleitems":[{"id":20890,"order_id":"00110400000635","device_id":"6417875C88DE05A253A30A16AF4D5C79E7F4CFAF","ticket_no":"","seat_no":"6.C","nrc_no":"","name":"\u101d\u102b\u1031\u1019\u1015\u102d\u102f\u1004\u1039","phone":"","busoccurance_id":0,"trip_id":"11131418DLY0600PM1","from":13,"to":14,"extra_destination_id":0,"extra_city_id":0,"operator":11,"agent_id":737,"agent_code":"","price":9000,"free_ticket":0,"free_ticket_remark":"","discount":0,"class_id":18,"foreign_price":0,"departure_date":"2015-05-10"},{"id":20891,"order_id":"00110400000635","device_id":"6417875C88DE05A253A30A16AF4D5C79E7F4CFAF","ticket_no":"","seat_no":"6.D","nrc_no":"","name":"\u101d\u102b\u1031\u1019\u1015\u102d\u102f\u1004\u1039","phone":"","busoccurance_id":0,"trip_id":"11131418DLY0600PM1","from":13,"to":14,"extra_destination_id":0,"extra_city_id":0,"operator":11,"agent_id":737,"agent_code":"","price":9000,"free_ticket":0,"free_ticket_remark":"","discount":0,"class_id":18,"foreign_price":0,"departure_date":"2015-05-10"}]},{"id":"00110400001104","orderdate":"2015-05-05","departure_date":"2015-05-10","booking_expired":"2015-05-10 15:50:00","device_id":"FCF5E6722C937C192F54BC3C466A7A944764FA4E","reference_no":"","agent_id":710,"agent_code":"","name":"swe","nrc_no":"","phone":"","operator_id":11,"cash_credit":1,"booking":1,"total_amount":0,"agent_commission":0,"user_id":45,"nationality":"","remark_type":0,"remark":"Booking Expired","created_at":"2015-05-05 07:21:43","updated_at":"2015-05-12 09:44:04","expired_at":"2015-05-05 13:56:42","saleitems":[{"id":20892,"order_id":"00110400001104","device_id":"FCF5E6722C937C192F54BC3C466A7A944764FA4E","ticket_no":"","seat_no":"35","nrc_no":"","name":"swe","phone":"","busoccurance_id":0,"trip_id":"11131417DLY0400PM1","from":13,"to":14,"extra_destination_id":0,"extra_city_id":0,"operator":11,"agent_id":710,"agent_code":"","price":7200,"free_ticket":0,"free_ticket_remark":"","discount":0,"class_id":17,"foreign_price":0,"departure_date":"2015-05-10"},{"id":20893,"order_id":"00110400001104","device_id":"FCF5E6722C937C192F54BC3C466A7A944764FA4E","ticket_no":"","seat_no":"36","nrc_no":"","name":"swe","phone":"","busoccurance_id":0,"trip_id":"11131417DLY0400PM1","from":13,"to":14,"extra_destination_id":0,"extra_city_id":0,"operator":11,"agent_id":710,"agent_code":"","price":7200,"free_ticket":0,"free_ticket_remark":"","discount":0,"class_id":17,"foreign_price":0,"departure_date":"2015-05-10"}]},{"id":"00110400001296","orderdate":"2015-05-06","departure_date":"2015-05-10","booking_expired":"2015-05-10 15:50:00","device_id":"845312AFE00C9E91D334FCE511F2A877D7ECCCE6","reference_no":"","agent_id":710,"agent_code":"","name":"\u1001\u1004\u1039\u1019\u102c\u1031\u101d","nrc_no":"","phone":"","operator_id":11,"cash_credit":1,"booking":1,"total_amount":0,"agent_commission":0,"user_id":47,"nationality":"","remark_type":0,"remark":"Booking Expired","created_at":"2015-05-06 06:40:24","updated_at":"2015-05-12 09:44:04","expired_at":"2015-05-06 13:15:23","saleitems":[{"id":20897,"order_id":"00110400001296","device_id":"845312AFE00C9E91D334FCE511F2A877D7ECCCE6","ticket_no":"","seat_no":"39","nrc_no":"","name":"\u1001\u1004\u1039\u1019\u102c\u1031\u101d","phone":"","busoccurance_id":0,"trip_id":"11131417DLY0400PM1","from":13,"to":14,"extra_destination_id":0,"extra_city_id":0,"operator":11,"agent_id":710,"agent_code":"","price":7200,"free_ticket":0,"free_ticket_remark":"","discount":0,"class_id":17,"foreign_price":0,"departure_date":"2015-05-10"},{"id":20898,"order_id":"00110400001296","device_id":"845312AFE00C9E91D334FCE511F2A877D7ECCCE6","ticket_no":"","seat_no":"40","nrc_no":"","name":"\u1001\u1004\u1039\u1019\u102c\u1031\u101d","phone":"","busoccurance_id":0,"trip_id":"11131417DLY0400PM1","from":13,"to":14,"extra_destination_id":0,"extra_city_id":0,"operator":11,"agent_id":710,"agent_code":"","price":7200,"free_ticket":0,"free_ticket_remark":"","discount":0,"class_id":17,"foreign_price":0,"departure_date":"2015-05-10"}]},{"id":"00110400001391","orderdate":"2015-05-06","departure_date":"2015-05-10","booking_expired":"2015-05-10 20:50:00","device_id":"86BFB4D2EBB8629FA7F0F0A27C4BCECE5BC7B4DE","reference_no":"","agent_id":833,"agent_code":"","name":"Dr\u1031\u1019\u101d\u1004\u1039\u1038\u1080\u1000\u100a\u1039","nrc_no":"","phone":"0933038830","operator_id":11,"cash_credit":1,"booking":1,"total_amount":0,"agent_commission":0,"user_id":45,"nationality":"","remark_type":5,"remark":"Booking Expired","created_at":"2015-05-06 12:03:46","updated_at":"2015-05-12 09:44:04","expired_at":"2015-05-06 18:38:45","saleitems":[{"id":20899,"order_id":"00110400001391","device_id":"86BFB4D2EBB8629FA7F0F0A27C4BCECE5BC7B4DE","ticket_no":"","seat_no":"5","nrc_no":"","name":"Dr\u1031\u1019\u101d\u1004\u1039\u1038\u1080\u1000\u100a\u1039","phone":"0933038830","busoccurance_id":0,"trip_id":"11131817DLY0900PM1","from":13,"to":18,"extra_destination_id":0,"extra_city_id":0,"operator":11,"agent_id":833,"agent_code":"","price":10700,"free_ticket":0,"free_ticket_remark":"","discount":0,"class_id":17,"foreign_price":0,"departure_date":"2015-05-10"}]},{"id":"00110400001397","orderdate":"2015-05-06","departure_date":"2015-05-11","booking_expired":"2015-05-11 20:20:00","device_id":"FCF5E6722C937C192F54BC3C466A7A944764FA4E","reference_no":"","agent_id":532,"agent_code":"","name":"\u1019\u1007\u1004\u1039\u101d\u102b\u100a\u102d\u1033","nrc_no":"","phone":"","operator_id":11,"cash_credit":1,"booking":1,"total_amount":0,"agent_commission":0,"user_id":43,"nationality":"","remark_type":0,"remark":"Booking Expired","created_at":"2015-05-06 12:27:02","updated_at":"2015-05-12 09:44:04","expired_at":"2015-05-06 19:02:01","saleitems":[{"id":20900,"order_id":"00110400001397","device_id":"FCF5E6722C937C192F54BC3C466A7A944764FA4E","ticket_no":"","seat_no":"11","nrc_no":"","name":"\u1019\u1007\u1004\u1039\u101d\u102b\u100a\u102d\u1033","phone":"","busoccurance_id":0,"trip_id":"11132717DLY0830PM1","from":13,"to":27,"extra_destination_id":0,"extra_city_id":0,"operator":11,"agent_id":532,"agent_code":"","price":12700,"free_ticket":0,"free_ticket_remark":"","discount":0,"class_id":17,"foreign_price":0,"departure_date":"2015-05-11"},{"id":20901,"order_id":"00110400001397","device_id":"FCF5E6722C937C192F54BC3C466A7A944764FA4E","ticket_no":"","seat_no":"12","nrc_no":"","name":"\u1019\u1007\u1004\u1039\u101d\u102b\u100a\u102d\u1033","phone":"","busoccurance_id":0,"trip_id":"11132717DLY0830PM1","from":13,"to":27,"extra_destination_id":0,"extra_city_id":0,"operator":11,"agent_id":532,"agent_code":"","price":12700,"free_ticket":0,"free_ticket_remark":"","discount":0,"class_id":17,"foreign_price":0,"departure_date":"2015-05-11"},{"id":20902,"order_id":"00110400001397","device_id":"FCF5E6722C937C192F54BC3C466A7A944764FA4E","ticket_no":"","seat_no":"16","nrc_no":"","name":"\u1019\u1007\u1004\u1039\u101d\u102b\u100a\u102d\u1033","phone":"","busoccurance_id":0,"trip_id":"11132717DLY0830PM1","from":13,"to":27,"extra_destination_id":0,"extra_city_id":0,"operator":11,"agent_id":532,"agent_code":"","price":12700,"free_ticket":0,"free_ticket_remark":"","discount":0,"class_id":17,"foreign_price":0,"departure_date":"2015-05-11"}]},{"id":"00110400001470","orderdate":"2015-05-07","departure_date":"2015-05-10","booking_expired":"2015-05-10 21:50:00","device_id":"6417875C88DE05A253A30A16AF4D5C79E7F4CFAF","reference_no":"","agent_id":504,"agent_code":"","name":"ee","nrc_no":"","phone":"","operator_id":11,"cash_credit":1,"booking":1,"total_amount":0,"agent_commission":0,"user_id":40,"nationality":"","remark_type":0,"remark":"Booking Expired","created_at":"2015-05-07 05:28:44","updated_at":"2015-05-12 09:44:04","expired_at":"2015-05-07 12:03:43","saleitems":[{"id":20903,"order_id":"00110400001470","device_id":"6417875C88DE05A253A30A16AF4D5C79E7F4CFAF","ticket_no":"","seat_no":"19","nrc_no":"","name":"ee","phone":"","busoccurance_id":0,"trip_id":"11131417DLY1000PM1","from":13,"to":14,"extra_destination_id":0,"extra_city_id":0,"operator":11,"agent_id":504,"agent_code":"","price":7200,"free_ticket":0,"free_ticket_remark":"","discount":0,"class_id":17,"foreign_price":7200,"departure_date":"2015-05-10"},{"id":20904,"order_id":"00110400001470","device_id":"6417875C88DE05A253A30A16AF4D5C79E7F4CFAF","ticket_no":"","seat_no":"20","nrc_no":"","name":"ee","phone":"","busoccurance_id":0,"trip_id":"11131417DLY1000PM1","from":13,"to":14,"extra_destination_id":0,"extra_city_id":0,"operator":11,"agent_id":504,"agent_code":"","price":7200,"free_ticket":0,"free_ticket_remark":"","discount":0,"class_id":17,"foreign_price":7200,"departure_date":"2015-05-10"}]},{"id":"00110400001474","orderdate":"2015-05-07","departure_date":"2015-05-10","booking_expired":"2015-05-10 17:50:00","device_id":"86BFB4D2EBB8629FA7F0F0A27C4BCECE5BC7B4DE","reference_no":"","agent_id":710,"agent_code":"","name":"swe","nrc_no":"","phone":"","operator_id":11,"cash_credit":1,"booking":1,"total_amount":0,"agent_commission":0,"user_id":45,"nationality":"","remark_type":0,"remark":"Booking Expired","created_at":"2015-05-07 05:55:55","updated_at":"2015-05-12 09:44:04","expired_at":"2015-05-07 12:30:54","saleitems":[{"id":20905,"order_id":"00110400001474","device_id":"86BFB4D2EBB8629FA7F0F0A27C4BCECE5BC7B4DE","ticket_no":"","seat_no":"9.C","nrc_no":"","name":"swe","phone":"","busoccurance_id":0,"trip_id":"11131418DLY0600PM1","from":13,"to":14,"extra_destination_id":0,"extra_city_id":0,"operator":11,"agent_id":710,"agent_code":"","price":9000,"free_ticket":0,"free_ticket_remark":"","discount":0,"class_id":18,"foreign_price":0,"departure_date":"2015-05-10"},{"id":20906,"order_id":"00110400001474","device_id":"86BFB4D2EBB8629FA7F0F0A27C4BCECE5BC7B4DE","ticket_no":"","seat_no":"9.D","nrc_no":"","name":"swe","phone":"","busoccurance_id":0,"trip_id":"11131418DLY0600PM1","from":13,"to":14,"extra_destination_id":0,"extra_city_id":0,"operator":11,"agent_id":710,"agent_code":"","price":9000,"free_ticket":0,"free_ticket_remark":"","discount":0,"class_id":18,"foreign_price":0,"departure_date":"2015-05-10"}]},{"id":"00110400001489","orderdate":"2015-05-07","departure_date":"2015-05-10","booking_expired":"2015-05-10 12:50:00","device_id":"845312AFE00C9E91D334FCE511F2A877D7ECCCE6","reference_no":"","agent_id":569,"agent_code":"","name":"","nrc_no":"","phone":"","operator_id":11,"cash_credit":1,"booking":1,"total_amount":0,"agent_commission":0,"user_id":47,"nationality":"","remark_type":0,"remark":"Booking Expired","created_at":"2015-05-07 06:58:42","updated_at":"2015-05-12 09:44:04","expired_at":"2015-05-07 13:33:41","saleitems":[{"id":20909,"order_id":"00110400001489","device_id":"845312AFE00C9E91D334FCE511F2A877D7ECCCE6","ticket_no":"","seat_no":"11","nrc_no":"","name":"","phone":"","busoccurance_id":0,"trip_id":"11131417DLY0100PM1","from":13,"to":14,"extra_destination_id":0,"extra_city_id":0,"operator":11,"agent_id":569,"agent_code":"","price":7200,"free_ticket":0,"free_ticket_remark":"","discount":0,"class_id":17,"foreign_price":0,"departure_date":"2015-05-10"},{"id":20910,"order_id":"00110400001489","device_id":"845312AFE00C9E91D334FCE511F2A877D7ECCCE6","ticket_no":"","seat_no":"12","nrc_no":"","name":"","phone":"","busoccurance_id":0,"trip_id":"11131417DLY0100PM1","from":13,"to":14,"extra_destination_id":0,"extra_city_id":0,"operator":11,"agent_id":569,"agent_code":"","price":7200,"free_ticket":0,"free_ticket_remark":"","discount":0,"class_id":17,"foreign_price":0,"departure_date":"2015-05-10"},{"id":20911,"order_id":"00110400001489","device_id":"845312AFE00C9E91D334FCE511F2A877D7ECCCE6","ticket_no":"","seat_no":"19","nrc_no":"","name":"","phone":"","busoccurance_id":0,"trip_id":"11131417DLY0100PM1","from":13,"to":14,"extra_destination_id":0,"extra_city_id":0,"operator":11,"agent_id":569,"agent_code":"","price":7200,"free_ticket":0,"free_ticket_remark":"","discount":0,"class_id":17,"foreign_price":0,"departure_date":"2015-05-10"}]},{"id":"00110700000187","orderdate":"2015-05-02","departure_date":"2015-05-10","booking_expired":"2015-05-10 13:50:00","device_id":"7651BFE177CCE2F5A249BDE0035DC50B936E0B11","reference_no":"","agent_id":710,"agent_code":"","name":"\u101a\u1025\u1039\u101c\u103d\u1039","nrc_no":"","phone":"","operator_id":11,"cash_credit":1,"booking":1,"total_amount":0,"agent_commission":0,"user_id":42,"nationality":"","remark_type":0,"remark":"Booking Expired","created_at":"2015-05-02 07:44:01","updated_at":"2015-05-12 09:44:04","expired_at":"2015-05-02 14:19:00","saleitems":[{"id":20912,"order_id":"00110700000187","device_id":"7651BFE177CCE2F5A249BDE0035DC50B936E0B11","ticket_no":"","seat_no":"11","nrc_no":"","name":"\u101a\u1025\u1039\u101c\u103d\u1039","phone":"","busoccurance_id":0,"trip_id":"11131417DLY0200PM1","from":13,"to":14,"extra_destination_id":0,"extra_city_id":0,"operator":11,"agent_id":710,"agent_code":"","price":7200,"free_ticket":0,"free_ticket_remark":"","discount":0,"class_id":17,"foreign_price":0,"departure_date":"2015-05-10"},{"id":20913,"order_id":"00110700000187","device_id":"7651BFE177CCE2F5A249BDE0035DC50B936E0B11","ticket_no":"","seat_no":"12","nrc_no":"","name":"\u101a\u1025\u1039\u101c\u103d\u1039","phone":"","busoccurance_id":0,"trip_id":"11131417DLY0200PM1","from":13,"to":14,"extra_destination_id":0,"extra_city_id":0,"operator":11,"agent_id":710,"agent_code":"","price":7200,"free_ticket":0,"free_ticket_remark":"","discount":0,"class_id":17,"foreign_price":0,"departure_date":"2015-05-10"}]},{"id":"00110700000415","orderdate":"2015-05-06","departure_date":"2015-05-10","booking_expired":"2015-05-10 13:50:00","device_id":"C7F110998D1C14AE19890EA571A0FB7875B15411","reference_no":"","agent_id":507,"agent_code":"","name":"D\u1010\u1004\u1039\u1031\u1021\u1038\u101f\u1014\u1039","nrc_no":"","phone":"","operator_id":11,"cash_credit":1,"booking":1,"total_amount":0,"agent_commission":0,"user_id":44,"nationality":"","remark_type":0,"remark":"Booking Expired","created_at":"2015-05-06 02:21:18","updated_at":"2015-05-12 09:44:04","expired_at":"2015-05-06 08:56:17","saleitems":[{"id":20914,"order_id":"00110700000415","device_id":"C7F110998D1C14AE19890EA571A0FB7875B15411","ticket_no":"","seat_no":"21","nrc_no":"","name":"D\u1010\u1004\u1039\u1031\u1021\u1038\u101f\u1014\u1039","phone":"","busoccurance_id":0,"trip_id":"11131417DLY0200PM1","from":13,"to":14,"extra_destination_id":0,"extra_city_id":0,"operator":11,"agent_id":507,"agent_code":"","price":7200,"free_ticket":0,"free_ticket_remark":"","discount":0,"class_id":17,"foreign_price":0,"departure_date":"2015-05-10"}]},{"id":"00110700000460","orderdate":"2015-05-06","departure_date":"2015-05-11","booking_expired":"2015-05-11 17:50:00","device_id":"7651BFE177CCE2F5A249BDE0035DC50B936E0B11","reference_no":"","agent_id":532,"agent_code":"","name":"kk","nrc_no":"","phone":"","operator_id":11,"cash_credit":1,"booking":1,"total_amount":0,"agent_commission":0,"user_id":42,"nationality":"","remark_type":0,"remark":"Booking Expired","created_at":"2015-05-06 07:34:24","updated_at":"2015-05-12 09:44:04","expired_at":"2015-05-06 14:09:22","saleitems":[{"id":20915,"order_id":"00110700000460","device_id":"7651BFE177CCE2F5A249BDE0035DC50B936E0B11","ticket_no":"","seat_no":"5.C","nrc_no":"","name":"kk","phone":"","busoccurance_id":0,"trip_id":"11131418DLY0600PM1","from":13,"to":14,"extra_destination_id":0,"extra_city_id":0,"operator":11,"agent_id":532,"agent_code":"","price":9000,"free_ticket":0,"free_ticket_remark":"","discount":0,"class_id":18,"foreign_price":0,"departure_date":"2015-05-11"}]},{"id":"00110700000537","orderdate":"2015-05-07","departure_date":"2015-05-10","booking_expired":"2015-05-10 13:50:00","device_id":"7651BFE177CCE2F5A249BDE0035DC50B936E0B11","reference_no":"","agent_id":729,"agent_code":"","name":"aa","nrc_no":"","phone":"","operator_id":11,"cash_credit":1,"booking":1,"total_amount":0,"agent_commission":0,"user_id":42,"nationality":"","remark_type":0,"remark":"Booking Expired","created_at":"2015-05-07 06:42:50","updated_at":"2015-05-12 09:44:04","expired_at":"2015-05-07 13:17:48","saleitems":[{"id":20916,"order_id":"00110700000537","device_id":"7651BFE177CCE2F5A249BDE0035DC50B936E0B11","ticket_no":"","seat_no":"26","nrc_no":"","name":"aa","phone":"","busoccurance_id":0,"trip_id":"11131417DLY0200PM1","from":13,"to":14,"extra_destination_id":0,"extra_city_id":0,"operator":11,"agent_id":729,"agent_code":"","price":7200,"free_ticket":0,"free_ticket_remark":"","discount":0,"class_id":17,"foreign_price":0,"departure_date":"2015-05-10"},{"id":20917,"order_id":"00110700000537","device_id":"7651BFE177CCE2F5A249BDE0035DC50B936E0B11","ticket_no":"","seat_no":"27","nrc_no":"","name":"aa","phone":"","busoccurance_id":0,"trip_id":"11131417DLY0200PM1","from":13,"to":14,"extra_destination_id":0,"extra_city_id":0,"operator":11,"agent_id":729,"agent_code":"","price":7200,"free_ticket":0,"free_ticket_remark":"","discount":0,"class_id":17,"foreign_price":0,"departure_date":"2015-05-10"},{"id":20918,"order_id":"00110700000537","device_id":"7651BFE177CCE2F5A249BDE0035DC50B936E0B11","ticket_no":"","seat_no":"28","nrc_no":"","name":"aa","phone":"","busoccurance_id":0,"trip_id":"11131417DLY0200PM1","from":13,"to":14,"extra_destination_id":0,"extra_city_id":0,"operator":11,"agent_id":729,"agent_code":"","price":7200,"free_ticket":0,"free_ticket_remark":"","discount":0,"class_id":17,"foreign_price":0,"departure_date":"2015-05-10"},{"id":20919,"order_id":"00110700000537","device_id":"7651BFE177CCE2F5A249BDE0035DC50B936E0B11","ticket_no":"","seat_no":"29","nrc_no":"","name":"aa","phone":"","busoccurance_id":0,"trip_id":"11131417DLY0200PM1","from":13,"to":14,"extra_destination_id":0,"extra_city_id":0,"operator":11,"agent_id":729,"agent_code":"","price":7200,"free_ticket":0,"free_ticket_remark":"","discount":0,"class_id":17,"foreign_price":0,"departure_date":"2015-05-10"},{"id":20920,"order_id":"00110700000537","device_id":"7651BFE177CCE2F5A249BDE0035DC50B936E0B11","ticket_no":"","seat_no":"30","nrc_no":"","name":"aa","phone":"","busoccurance_id":0,"trip_id":"11131417DLY0200PM1","from":13,"to":14,"extra_destination_id":0,"extra_city_id":0,"operator":11,"agent_id":729,"agent_code":"","price":7200,"free_ticket":0,"free_ticket_remark":"","discount":0,"class_id":17,"foreign_price":0,"departure_date":"2015-05-10"}]}]