[{"id":"1","trip_id":"49","operatorgroup_id":"0","seat_plan_id":"17","seat_lists":"[{\"id\":\"723\",\"seat_plan_id\":\"17\",\"seat_no\":\"1\",\"status\":\"1\",\"created_at\":\"0000-00-00 00:00:00\",\"updated_at\":\"0000-00-00 00:00:00\",\"operatorgroup_id\":\"2\"},{\"id\":\"724\",\"seat_plan_id\":\"17\",\"seat_no\":\"2\",\"status\":\"1\",\"created_at\":\"0000-00-00 00:00:00\",\"updated_at\":\"0000-00-00 00:00:00\",\"operatorgroup_id\":\"2\"},{\"id\":\"725\",\"seat_plan_id\":\"17\",\"seat_no\":\"xxx\",\"status\":\"0\",\"created_at\":\"0000-00-00 00:00:00\",\"updated_at\":\"0000-00-00 00:00:00\",\"operatorgroup_id\":0},{\"id\":\"726\",\"seat_plan_id\":\"17\",\"seat_no\":\"3\",\"status\":\"1\",\"created_at\":\"0000-00-00 00:00:00\",\"updated_at\":\"0000-00-00 00:00:00\",\"operatorgroup_id\":0},{\"id\":\"727\",\"seat_plan_id\":\"17\",\"seat_no\":\"4\",\"status\":\"1\",\"created_at\":\"0000-00-00 00:00:00\",\"updated_at\":\"0000-00-00 00:00:00\",\"operatorgroup_id\":0},{\"id\":\"728\",\"seat_plan_id\":\"17\",\"seat_no\":\"5\",\"status\":\"1\",\"created_at\":\"0000-00-00 00:00:00\",\"updated_at\":\"0000-00-00 00:00:00\",\"operatorgroup_id\":\"2\"},{\"id\":\"729\",\"seat_plan_id\":\"17\",\"seat_no\":\"6\",\"status\":\"1\",\"created_at\":\"0000-00-00 00:00:00\",\"updated_at\":\"0000-00-00 00:00:00\",\"operatorgroup_id\":\"2\"},{\"id\":\"730\",\"seat_plan_id\":\"17\",\"seat_no\":\"xxx\",\"status\":\"0\",\"created_at\":\"0000-00-00 00:00:00\",\"updated_at\":\"0000-00-00 00:00:00\",\"operatorgroup_id\":0},{\"id\":\"731\",\"seat_plan_id\":\"17\",\"seat_no\":\"7\",\"status\":\"1\",\"created_at\":\"0000-00-00 00:00:00\",\"updated_at\":\"0000-00-00 00:00:00\",\"operatorgroup_id\":0},{\"id\":\"732\",\"seat_plan_id\":\"17\",\"seat_no\":\"8\",\"status\":\"1\",\"created_at\":\"0000-00-00 00:00:00\",\"updated_at\":\"0000-00-00 00:00:00\",\"operatorgroup_id\":0},{\"id\":\"733\",\"seat_plan_id\":\"17\",\"seat_no\":\"9\",\"status\":\"1\",\"created_at\":\"0000-00-00 00:00:00\",\"updated_at\":\"0000-00-00 00:00:00\",\"operatorgroup_id\":\"2\"},{\"id\":\"734\",\"seat_plan_id\":\"17\",\"seat_no\":\"10\",\"status\":\"1\",\"created_at\":\"0000-00-00 00:00:00\",\"updated_at\":\"0000-00-00 00:00:00\",\"operatorgroup_id\":\"2\"},{\"id\":\"735\",\"seat_plan_id\":\"17\",\"seat_no\":\"xxx\",\"status\":\"0\",\"created_at\":\"0000-00-00 00:00:00\",\"updated_at\":\"0000-00-00 00:00:00\",\"operatorgroup_id\":0},{\"id\":\"736\",\"seat_plan_id\":\"17\",\"seat_no\":\"11\",\"status\":\"1\",\"created_at\":\"0000-00-00 00:00:00\",\"updated_at\":\"0000-00-00 00:00:00\",\"operatorgroup_id\":0},{\"id\":\"737\",\"seat_plan_id\":\"17\",\"seat_no\":\"12\",\"status\":\"1\",\"created_at\":\"0000-00-00 00:00:00\",\"updated_at\":\"0000-00-00 00:00:00\",\"operatorgroup_id\":0},{\"id\":\"738\",\"seat_plan_id\":\"17\",\"seat_no\":\"13\",\"status\":\"1\",\"created_at\":\"0000-00-00 00:00:00\",\"updated_at\":\"0000-00-00 00:00:00\",\"operatorgroup_id\":\"2\"},{\"id\":\"739\",\"seat_plan_id\":\"17\",\"seat_no\":\"14\",\"status\":\"1\",\"created_at\":\"0000-00-00 00:00:00\",\"updated_at\":\"0000-00-00 00:00:00\",\"operatorgroup_id\":\"2\"},{\"id\":\"740\",\"seat_plan_id\":\"17\",\"seat_no\":\"xxx\",\"status\":\"0\",\"created_at\":\"0000-00-00 00:00:00\",\"updated_at\":\"0000-00-00 00:00:00\",\"operatorgroup_id\":0},{\"id\":\"741\",\"seat_plan_id\":\"17\",\"seat_no\":\"15\",\"status\":\"1\",\"created_at\":\"0000-00-00 00:00:00\",\"updated_at\":\"0000-00-00 00:00:00\",\"operatorgroup_id\":0},{\"id\":\"742\",\"seat_plan_id\":\"17\",\"seat_no\":\"16\",\"status\":\"1\",\"created_at\":\"0000-00-00 00:00:00\",\"updated_at\":\"0000-00-00 00:00:00\",\"operatorgroup_id\":0},{\"id\":\"743\",\"seat_plan_id\":\"17\",\"seat_no\":\"17\",\"status\":\"1\",\"created_at\":\"0000-00-00 00:00:00\",\"updated_at\":\"0000-00-00 00:00:00\",\"operatorgroup_id\":\"2\"},{\"id\":\"744\",\"seat_plan_id\":\"17\",\"seat_no\":\"18\",\"status\":\"1\",\"created_at\":\"0000-00-00 00:00:00\",\"updated_at\":\"0000-00-00 00:00:00\",\"operatorgroup_id\":\"2\"},{\"id\":\"745\",\"seat_plan_id\":\"17\",\"seat_no\":\"xxx\",\"status\":\"0\",\"created_at\":\"0000-00-00 00:00:00\",\"updated_at\":\"0000-00-00 00:00:00\",\"operatorgroup_id\":0},{\"id\":\"746\",\"seat_plan_id\":\"17\",\"seat_no\":\"19\",\"status\":\"1\",\"created_at\":\"0000-00-00 00:00:00\",\"updated_at\":\"0000-00-00 00:00:00\",\"operatorgroup_id\":0},{\"id\":\"747\",\"seat_plan_id\":\"17\",\"seat_no\":\"20\",\"status\":\"1\",\"created_at\":\"0000-00-00 00:00:00\",\"updated_at\":\"0000-00-00 00:00:00\",\"operatorgroup_id\":0},{\"id\":\"748\",\"seat_plan_id\":\"17\",\"seat_no\":\"21\",\"status\":\"1\",\"created_at\":\"0000-00-00 00:00:00\",\"updated_at\":\"0000-00-00 00:00:00\",\"operatorgroup_id\":\"2\"},{\"id\":\"749\",\"seat_plan_id\":\"17\",\"seat_no\":\"22\",\"status\":\"1\",\"created_at\":\"0000-00-00 00:00:00\",\"updated_at\":\"0000-00-00 00:00:00\",\"operatorgroup_id\":\"2\"},{\"id\":\"750\",\"seat_plan_id\":\"17\",\"seat_no\":\"xxx\",\"status\":\"0\",\"created_at\":\"0000-00-00 00:00:00\",\"updated_at\":\"0000-00-00 00:00:00\",\"operatorgroup_id\":0},{\"id\":\"751\",\"seat_plan_id\":\"17\",\"seat_no\":\"23\",\"status\":\"1\",\"created_at\":\"0000-00-00 00:00:00\",\"updated_at\":\"0000-00-00 00:00:00\",\"operatorgroup_id\":0},{\"id\":\"752\",\"seat_plan_id\":\"17\",\"seat_no\":\"24\",\"status\":\"1\",\"created_at\":\"0000-00-00 00:00:00\",\"updated_at\":\"0000-00-00 00:00:00\",\"operatorgroup_id\":0},{\"id\":\"753\",\"seat_plan_id\":\"17\",\"seat_no\":\"25\",\"status\":\"1\",\"created_at\":\"0000-00-00 00:00:00\",\"updated_at\":\"0000-00-00 00:00:00\",\"operatorgroup_id\":\"2\"},{\"id\":\"754\",\"seat_plan_id\":\"17\",\"seat_no\":\"26\",\"status\":\"1\",\"created_at\":\"0000-00-00 00:00:00\",\"updated_at\":\"0000-00-00 00:00:00\",\"operatorgroup_id\":\"2\"},{\"id\":\"755\",\"seat_plan_id\":\"17\",\"seat_no\":\"xxx\",\"status\":\"0\",\"created_at\":\"0000-00-00 00:00:00\",\"updated_at\":\"0000-00-00 00:00:00\",\"operatorgroup_id\":0},{\"id\":\"756\",\"seat_plan_id\":\"17\",\"seat_no\":\"27\",\"status\":\"1\",\"created_at\":\"0000-00-00 00:00:00\",\"updated_at\":\"0000-00-00 00:00:00\",\"operatorgroup_id\":0},{\"id\":\"757\",\"seat_plan_id\":\"17\",\"seat_no\":\"28\",\"status\":\"1\",\"created_at\":\"0000-00-00 00:00:00\",\"updated_at\":\"0000-00-00 00:00:00\",\"operatorgroup_id\":0},{\"id\":\"758\",\"seat_plan_id\":\"17\",\"seat_no\":\"29\",\"status\":\"1\",\"created_at\":\"0000-00-00 00:00:00\",\"updated_at\":\"0000-00-00 00:00:00\",\"operatorgroup_id\":\"2\"},{\"id\":\"759\",\"seat_plan_id\":\"17\",\"seat_no\":\"30\",\"status\":\"1\",\"created_at\":\"0000-00-00 00:00:00\",\"updated_at\":\"0000-00-00 00:00:00\",\"operatorgroup_id\":\"2\"},{\"id\":\"760\",\"seat_plan_id\":\"17\",\"seat_no\":\"xxx\",\"status\":\"0\",\"created_at\":\"0000-00-00 00:00:00\",\"updated_at\":\"0000-00-00 00:00:00\",\"operatorgroup_id\":0},{\"id\":\"761\",\"seat_plan_id\":\"17\",\"seat_no\":\"31\",\"status\":\"1\",\"created_at\":\"0000-00-00 00:00:00\",\"updated_at\":\"0000-00-00 00:00:00\",\"operatorgroup_id\":0},{\"id\":\"762\",\"seat_plan_id\":\"17\",\"seat_no\":\"32\",\"status\":\"1\",\"created_at\":\"0000-00-00 00:00:00\",\"updated_at\":\"0000-00-00 00:00:00\",\"operatorgroup_id\":0},{\"id\":\"763\",\"seat_plan_id\":\"17\",\"seat_no\":\"33\",\"status\":\"1\",\"created_at\":\"0000-00-00 00:00:00\",\"updated_at\":\"0000-00-00 00:00:00\",\"operatorgroup_id\":\"2\"},{\"id\":\"764\",\"seat_plan_id\":\"17\",\"seat_no\":\"34\",\"status\":\"1\",\"created_at\":\"0000-00-00 00:00:00\",\"updated_at\":\"0000-00-00 00:00:00\",\"operatorgroup_id\":\"2\"},{\"id\":\"765\",\"seat_plan_id\":\"17\",\"seat_no\":\"xxx\",\"status\":\"0\",\"created_at\":\"0000-00-00 00:00:00\",\"updated_at\":\"0000-00-00 00:00:00\",\"operatorgroup_id\":0},{\"id\":\"766\",\"seat_plan_id\":\"17\",\"seat_no\":\"35\",\"status\":\"1\",\"created_at\":\"0000-00-00 00:00:00\",\"updated_at\":\"0000-00-00 00:00:00\",\"operatorgroup_id\":0},{\"id\":\"767\",\"seat_plan_id\":\"17\",\"seat_no\":\"36\",\"status\":\"1\",\"created_at\":\"0000-00-00 00:00:00\",\"updated_at\":\"0000-00-00 00:00:00\",\"operatorgroup_id\":0},{\"id\":\"768\",\"seat_plan_id\":\"17\",\"seat_no\":\"37\",\"status\":\"1\",\"created_at\":\"0000-00-00 00:00:00\",\"updated_at\":\"0000-00-00 00:00:00\",\"operatorgroup_id\":\"2\"},{\"id\":\"769\",\"seat_plan_id\":\"17\",\"seat_no\":\"38\",\"status\":\"1\",\"created_at\":\"0000-00-00 00:00:00\",\"updated_at\":\"0000-00-00 00:00:00\",\"operatorgroup_id\":\"2\"},{\"id\":\"770\",\"seat_plan_id\":\"17\",\"seat_no\":\"xxx\",\"status\":\"0\",\"created_at\":\"0000-00-00 00:00:00\",\"updated_at\":\"0000-00-00 00:00:00\",\"operatorgroup_id\":0},{\"id\":\"771\",\"seat_plan_id\":\"17\",\"seat_no\":\"39\",\"status\":\"1\",\"created_at\":\"0000-00-00 00:00:00\",\"updated_at\":\"0000-00-00 00:00:00\",\"operatorgroup_id\":0},{\"id\":\"772\",\"seat_plan_id\":\"17\",\"seat_no\":\"40\",\"status\":\"1\",\"created_at\":\"0000-00-00 00:00:00\",\"updated_at\":\"0000-00-00 00:00:00\",\"operatorgroup_id\":0},{\"id\":\"773\",\"seat_plan_id\":\"17\",\"seat_no\":\"41\",\"status\":\"1\",\"created_at\":\"0000-00-00 00:00:00\",\"updated_at\":\"0000-00-00 00:00:00\",\"operatorgroup_id\":\"2\"},{\"id\":\"774\",\"seat_plan_id\":\"17\",\"seat_no\":\"42\",\"status\":\"1\",\"created_at\":\"0000-00-00 00:00:00\",\"updated_at\":\"0000-00-00 00:00:00\",\"operatorgroup_id\":\"2\"},{\"id\":\"775\",\"seat_plan_id\":\"17\",\"seat_no\":\"43\",\"status\":\"1\",\"created_at\":\"0000-00-00 00:00:00\",\"updated_at\":\"0000-00-00 00:00:00\",\"operatorgroup_id\":0},{\"id\":\"776\",\"seat_plan_id\":\"17\",\"seat_no\":\"44\",\"status\":\"1\",\"created_at\":\"0000-00-00 00:00:00\",\"updated_at\":\"0000-00-00 00:00:00\",\"operatorgroup_id\":0},{\"id\":\"777\",\"seat_plan_id\":\"17\",\"seat_no\":\"45\",\"status\":\"1\",\"created_at\":\"0000-00-00 00:00:00\",\"updated_at\":\"0000-00-00 00:00:00\",\"operatorgroup_id\":0}]","created_at":"2014-12-19 07:10:32","updated_at":"2014-12-19 07:10:32"}]