[{"id":"1","operator_id":"11","operatorgroup_id":"2","user_id":"31","created_at":"2014-12-23 00:00:00","updated_at":"2014-12-24 06:38:12"},{"id":"2","operator_id":"11","operatorgroup_id":"2","user_id":"31","created_at":"2014-12-24 06:35:48","updated_at":"2014-12-24 06:35:48"},{"id":"3","operator_id":"11","operatorgroup_id":"4","user_id":"32","created_at":"2015-01-01 05:30:27","updated_at":"2015-01-01 05:30:27"},{"id":"4","operator_id":"11","operatorgroup_id":"4","user_id":"33","created_at":"2015-01-01 08:12:09","updated_at":"2015-01-01 08:12:09"},{"id":"5","operator_id":"11","operatorgroup_id":"4","user_id":"34","created_at":"2015-01-01 08:12:38","updated_at":"2015-01-01 08:12:38"},{"id":"6","operator_id":"11","operatorgroup_id":"4","user_id":"35","created_at":"2015-01-01 08:13:08","updated_at":"2015-01-01 08:13:08"},{"id":"7","operator_id":"11","operatorgroup_id":"4","user_id":"36","created_at":"2015-01-01 08:13:37","updated_at":"2015-01-01 08:13:37"},{"id":"8","operator_id":"11","operatorgroup_id":"9","user_id":"37","created_at":"2015-01-01 08:14:06","updated_at":"2015-01-01 08:14:06"},{"id":"9","operator_id":"11","operatorgroup_id":"4","user_id":"38","created_at":"2015-01-01 08:14:46","updated_at":"2015-01-01 08:14:46"},{"id":"10","operator_id":"11","operatorgroup_id":"9","user_id":"39","created_at":"2015-01-01 08:30:52","updated_at":"2015-01-01 08:30:52"},{"id":"11","operator_id":"11","operatorgroup_id":"9","user_id":"40","created_at":"2015-01-01 08:31:25","updated_at":"2015-01-01 08:31:25"},{"id":"12","operator_id":"11","operatorgroup_id":"4","user_id":"41","created_at":"2015-01-01 08:31:53","updated_at":"2015-01-01 08:31:53"},{"id":"13","operator_id":"11","operatorgroup_id":"9","user_id":"42","created_at":"2015-01-01 08:32:27","updated_at":"2015-01-01 08:32:27"},{"id":"14","operator_id":"11","operatorgroup_id":"9","user_id":"43","created_at":"2015-01-01 08:35:35","updated_at":"2015-01-01 08:35:35"},{"id":"15","operator_id":"11","operatorgroup_id":"9","user_id":"44","created_at":"2015-01-01 08:36:36","updated_at":"2015-01-01 08:36:36"},{"id":"16","operator_id":"11","operatorgroup_id":"9","user_id":"45","created_at":"2015-01-01 08:37:08","updated_at":"2015-01-01 08:37:08"}]