[{"id":"1","operator_id":"11","operatorgroup_id":"2","user_id":"31","created_at":"0000-00-00 00:00:00","updated_at":"2014-12-24 05:53:01"},{"id":"2","operator_id":"11","operatorgroup_id":"7","user_id":"31","created_at":"2014-12-24 05:38:02","updated_at":"2014-12-24 05:38:02"},{"id":"3","operator_id":"11","operatorgroup_id":"2","user_id":"32","created_at":"2014-12-24 05:39:05","updated_at":"2014-12-24 06:27:28"},{"id":"4","operator_id":"11","operatorgroup_id":"7","user_id":"31","created_at":"2014-12-24 05:39:39","updated_at":"2014-12-24 05:39:39"},{"id":"5","operator_id":"11","operatorgroup_id":"2","user_id":"31","created_at":"2014-12-24 05:42:36","updated_at":"2014-12-24 05:42:36"},{"id":"6","operator_id":"11","operatorgroup_id":"2","user_id":"31","created_at":"2014-12-24 05:42:58","updated_at":"2014-12-24 05:42:58"},{"id":"7","operator_id":"11","operatorgroup_id":"2","user_id":"32","created_at":"2014-12-24 05:43:19","updated_at":"2014-12-24 05:43:19"}]