[{"id":"00110500000080","orderdate":"2015-05-11","departure_date":"2015-05-11","booking_expired":"2015-05-11 05:50:00","device_id":"*$2y$10$NbhdFU7mwbCPWRpp0nsGuuupjHabJGNTaGw8odBdQ.dpVsDtbDd92","reference_no":"","agent_id":505,"agent_code":"505","name":"saw","nrc_no":"","phone":"2343242","operator_id":11,"cash_credit":2,"booking":0,"total_amount":14400,"agent_commission":2000,"user_id":27,"nationality":"local","remark_type":0,"remark":"","created_at":"2015-05-11 07:12:03","updated_at":"2015-05-11 07:12:16","expired_at":"2015-05-11 13:57:03","saleitems":[{"id":86024,"order_id":"00110500000080","device_id":"*$2y$10$NbhdFU7mwbCPWRpp0nsGuuupjHabJGNTaGw8odBdQ.dpVsDtbDd92","ticket_no":"23423","seat_no":"3","nrc_no":"","name":"saw","phone":"","busoccurance_id":0,"trip_id":"11131417DAT0600AM2","from":13,"to":14,"extra_destination_id":0,"extra_city_id":0,"operator":11,"agent_id":505,"agent_code":"505","price":7200,"commission":0,"free_ticket":0,"free_ticket_remark":"","discount":0,"class_id":17,"foreign_price":7200,"departure_date":"2015-05-11"},{"id":86025,"order_id":"00110500000080","device_id":"*$2y$10$NbhdFU7mwbCPWRpp0nsGuuupjHabJGNTaGw8odBdQ.dpVsDtbDd92","ticket_no":"23423","seat_no":"4","nrc_no":"","name":"saw","phone":"","busoccurance_id":0,"trip_id":"11131417DAT0600AM2","from":13,"to":14,"extra_destination_id":0,"extra_city_id":0,"operator":11,"agent_id":505,"agent_code":"505","price":7200,"commission":0,"free_ticket":0,"free_ticket_remark":"","discount":0,"class_id":17,"foreign_price":7200,"departure_date":"2015-05-11"}]}]