[{"id":"0011000500010827","orderdate":"2015-03-05","departure_date":"2015-03-05","departure_datetime":"2015-03-05 00:00:00","device_id":"*$2y$10$FTxBt\/j1\/FBiZ23e1rStHe49t2Yt6iddsnScieGZFxMUWMTptkvOu","reference_no":"","agent_id":504,"name":"saw saw","nrc_no":"","phone":"0923423","operator_id":11,"cash_credit":2,"booking":0,"total_amount":28800,"agent_commission":2800,"user_id":27,"nationality":"local","remark_type":0,"remark":"","created_at":"2015-03-05 04:00:39","updated_at":"2015-03-05 04:00:54","expired_at":"2015-03-05 10:45:37","saleitems":[{"id":37872,"order_id":"0011000500010827","device_id":"*$2y$10$FTxBt\/j1\/FBiZ23e1rStHe49t2Yt6iddsnScieGZFxMUWMTptkvOu","ticket_no":"0111112312","seat_no":"1","nrc_no":"","name":"saw saw","phone":"","busoccurance_id":10799,"trip_id":49,"from":13,"to":14,"extra_destination_id":0,"extra_city_id":0,"operator":11,"agent_id":504,"price":7200,"free_ticket":0,"free_ticket_remark":"","discount":0,"class_id":17,"foreign_price":7200,"departure_date":"2015-03-05"},{"id":37873,"order_id":"0011000500010827","device_id":"*$2y$10$FTxBt\/j1\/FBiZ23e1rStHe49t2Yt6iddsnScieGZFxMUWMTptkvOu","ticket_no":"0111112312","seat_no":"2","nrc_no":"","name":"saw saw","phone":"","busoccurance_id":10799,"trip_id":49,"from":13,"to":14,"extra_destination_id":0,"extra_city_id":0,"operator":11,"agent_id":504,"price":7200,"free_ticket":0,"free_ticket_remark":"","discount":0,"class_id":17,"foreign_price":7200,"departure_date":"2015-03-05"},{"id":37874,"order_id":"0011000500010827","device_id":"*$2y$10$FTxBt\/j1\/FBiZ23e1rStHe49t2Yt6iddsnScieGZFxMUWMTptkvOu","ticket_no":"0111112312","seat_no":"3","nrc_no":"","name":"saw saw","phone":"","busoccurance_id":10799,"trip_id":49,"from":13,"to":14,"extra_destination_id":0,"extra_city_id":0,"operator":11,"agent_id":504,"price":7200,"free_ticket":0,"free_ticket_remark":"","discount":0,"class_id":17,"foreign_price":7200,"departure_date":"2015-03-05"},{"id":37875,"order_id":"0011000500010827","device_id":"*$2y$10$FTxBt\/j1\/FBiZ23e1rStHe49t2Yt6iddsnScieGZFxMUWMTptkvOu","ticket_no":"0111112312","seat_no":"4","nrc_no":"","name":"saw saw","phone":"","busoccurance_id":10799,"trip_id":49,"from":13,"to":14,"extra_destination_id":0,"extra_city_id":0,"operator":11,"agent_id":504,"price":7200,"free_ticket":0,"free_ticket_remark":"","discount":0,"class_id":17,"foreign_price":7200,"departure_date":"2015-03-05"}]}]