[{"id":"1","trip_id":"139","city_id":"29","local_price":"7700","foreign_price":"7700","created_at":"0000-00-00 00:00:00","updated_at":"0000-00-00 00:00:00"},{"id":"2","trip_id":"140","city_id":"29","local_price":"7700","foreign_price":"7700","created_at":"0000-00-00 00:00:00","updated_at":"0000-00-00 00:00:00"},{"id":"5","trip_id":"146","city_id":"30","local_price":"15200","foreign_price":"15200","created_at":"0000-00-00 00:00:00","updated_at":"0000-00-00 00:00:00"},{"id":"6","trip_id":"147","city_id":"30","local_price":"15200","foreign_price":"15200","created_at":"0000-00-00 00:00:00","updated_at":"0000-00-00 00:00:00"},{"id":"8","trip_id":"149","city_id":"30","local_price":"15200","foreign_price":"15200","created_at":"0000-00-00 00:00:00","updated_at":"0000-00-00 00:00:00"},{"id":"9","trip_id":"150","city_id":"30","local_price":"15200","foreign_price":"15200","created_at":"0000-00-00 00:00:00","updated_at":"0000-00-00 00:00:00"},{"id":"10","trip_id":"82","city_id":"30","local_price":"15200","foreign_price":"15200","created_at":"0000-00-00 00:00:00","updated_at":"0000-00-00 00:00:00"},{"id":"11","trip_id":"142","city_id":"29","local_price":"8200","foreign_price":"8200","created_at":"0000-00-00 00:00:00","updated_at":"0000-00-00 00:00:00"},{"id":"12","trip_id":"151","city_id":"29","local_price":"8200","foreign_price":"8200","created_at":"0000-00-00 00:00:00","updated_at":"0000-00-00 00:00:00"},{"id":"13","trip_id":"152","city_id":"30","local_price":"15200","foreign_price":"15200","created_at":"0000-00-00 00:00:00","updated_at":"0000-00-00 00:00:00"},{"id":"14","trip_id":"154","city_id":"18","local_price":"10700","foreign_price":"10700","created_at":"0000-00-00 00:00:00","updated_at":"0000-00-00 00:00:00"},{"id":"15","trip_id":"157","city_id":"29","local_price":"8200","foreign_price":"8200","created_at":"0000-00-00 00:00:00","updated_at":"0000-00-00 00:00:00"}]