[{"id":"0010001000000001","orderdate":"2015-01-30","departure_date":"2015-01-30","departure_datetime":"2015-01-30 12:00:00","device_id":"12C6DFC143923C4A5055A5121BDFE8076F4E428C","reference_no":"","agent_id":160,"name":"saw","nrc_no":"8\/Sa Pa Wah (N)","phone":"09785421646","operator_id":10,"cash_credit":1,"booking":0,"total_amount":12400,"agent_commission":0,"user_id":15,"nationality":"local","remark_type":0,"remark":"","created_at":"2015-01-30 04:50:00","updated_at":"2015-01-30 04:50:23","expired_at":"2015-01-30 11:24:59","saleitems":[{"id":26,"order_id":"0010001000000001","device_id":"12C6DFC143923C4A5055A5121BDFE8076F4E428C","ticket_no":"67383939","seat_no":"1","nrc_no":"8\/Sa Pa Wah (N)","name":"saw","phone":"","busoccurance_id":11264,"trip_id":189,"from":13,"to":14,"extra_destination_id":0,"extra_city_id":0,"operator":10,"agent_id":160,"price":6200,"free_ticket":0,"free_ticket_remark":"","class_id":20,"foreign_price":6200,"departure_date":"2015-01-30"},{"id":27,"order_id":"0010001000000001","device_id":"12C6DFC143923C4A5055A5121BDFE8076F4E428C","ticket_no":"67383939","seat_no":"2","nrc_no":"8\/Sa Pa Wah (N)","name":"saw","phone":"","busoccurance_id":11264,"trip_id":189,"from":13,"to":14,"extra_destination_id":0,"extra_city_id":0,"operator":10,"agent_id":160,"price":6200,"free_ticket":0,"free_ticket_remark":"","class_id":20,"foreign_price":6200,"departure_date":"2015-01-30"}]}]