[{"id":15852,"agentgroup_id":38,"agent_id":845,"operator_id":10,"deposit_date":"0000-00-00","deposit":0,"total_ticket_amt":24800,"payment":0,"pay_date":"2015-04-10","order_ids":"[\"00100000000001\"]","balance":-24800,"debit":0,"deleted_flag":0,"created_at":"2015-04-10 08:36:48","updated_at":"2015-04-10 08:36:48"},{"id":15853,"agentgroup_id":38,"agent_id":845,"operator_id":10,"deposit_date":"0000-00-00","deposit":-24800,"total_ticket_amt":60000,"payment":0,"pay_date":"2015-04-10","order_ids":"[\"00100000000002\"]","balance":-84800,"debit":0,"deleted_flag":0,"created_at":"2015-04-10 08:37:46","updated_at":"2015-04-10 08:37:46"}]