[{"id":"15","name":"Boss-40","ticket_type_id":"1","operator_id":"11","seat_layout_id":"22","row":"10","column":"5","seat_list":"[{\"seat_no\":\"1.A\",\"status\":1},{\"seat_no\":\"1.B\",\"status\":1},{\"seat_no\":\"xxx\",\"status\":\"0\"},{\"seat_no\":\"1.C\",\"status\":1},{\"seat_no\":\"1.D\",\"status\":1},{\"seat_no\":\"2.A\",\"status\":1},{\"seat_no\":\"2.B\",\"status\":1},{\"seat_no\":\"xxx\",\"status\":\"0\"},{\"seat_no\":\"2.C\",\"status\":1},{\"seat_no\":\"2.D\",\"status\":1},{\"seat_no\":\"3.A\",\"status\":1},{\"seat_no\":\"3.B\",\"status\":1},{\"seat_no\":\"xxx\",\"status\":\"0\"},{\"seat_no\":\"3.C\",\"status\":1},{\"seat_no\":\"3.D\",\"status\":1},{\"seat_no\":\"4.A\",\"status\":1},{\"seat_no\":\"4.B\",\"status\":1},{\"seat_no\":\"xxx\",\"status\":\"0\"},{\"seat_no\":\"4.C\",\"status\":1},{\"seat_no\":\"4.D\",\"status\":1},{\"seat_no\":\"5.A\",\"status\":1},{\"seat_no\":\"5.B\",\"status\":1},{\"seat_no\":\"xxx\",\"status\":\"0\"},{\"seat_no\":\"5.C\",\"status\":1},{\"seat_no\":\"5.D\",\"status\":1},{\"seat_no\":\"6.A\",\"status\":1},{\"seat_no\":\"6.B\",\"status\":1},{\"seat_no\":\"xxx\",\"status\":\"0\"},{\"seat_no\":\"6.C\",\"status\":1},{\"seat_no\":\"6.D\",\"status\":1},{\"seat_no\":\"7.A\",\"status\":1},{\"seat_no\":\"7.B\",\"status\":1},{\"seat_no\":\"xxx\",\"status\":\"0\"},{\"seat_no\":\"7.C\",\"status\":1},{\"seat_no\":\"7.D\",\"status\":1},{\"seat_no\":\"8.A\",\"status\":1},{\"seat_no\":\"8.B\",\"status\":1},{\"seat_no\":\"xxx\",\"status\":\"0\"},{\"seat_no\":\"8.C\",\"status\":1},{\"seat_no\":\"8.D\",\"status\":1},{\"seat_no\":\"9.A\",\"status\":1},{\"seat_no\":\"9.B\",\"status\":1},{\"seat_no\":\"xxx\",\"status\":\"0\"},{\"seat_no\":\"9.C\",\"status\":1},{\"seat_no\":\"9.D\",\"status\":1},{\"seat_no\":\"10.A\",\"status\":1},{\"seat_no\":\"10.B\",\"status\":1},{\"seat_no\":\"xxx\",\"status\":\"0\"},{\"seat_no\":\"10.C\",\"status\":1},{\"seat_no\":\"10.D\",\"status\":1}]","created_at":"2014-12-23 00:00:00","updated_at":"2014-12-23 00:00:00"},{"id":"16","name":"Boss-29","ticket_type_id":"1","operator_id":"11","seat_layout_id":"23","row":"10","column":"4","seat_list":"[{\"seat_no\":\"A.1\",\"status\":1},{\"seat_no\":\"xxx\",\"status\":\"0\"},{\"seat_no\":\"A.2\",\"status\":1},{\"seat_no\":\"A.3\",\"status\":1},{\"seat_no\":\"B.1\",\"status\":1},{\"seat_no\":\"xxx\",\"status\":\"0\"},{\"seat_no\":\"B.2\",\"status\":1},{\"seat_no\":\"B.3\",\"status\":1},{\"seat_no\":\"C.1\",\"status\":1},{\"seat_no\":\"xxx\",\"status\":\"0\"},{\"seat_no\":\"C.2\",\"status\":1},{\"seat_no\":\"C.3\",\"status\":1},{\"seat_no\":\"D.1\",\"status\":1},{\"seat_no\":\"xxx\",\"status\":\"0\"},{\"seat_no\":\"D.2\",\"status\":1},{\"seat_no\":\"D.3\",\"status\":1},{\"seat_no\":\"E.1\",\"status\":1},{\"seat_no\":\"xxx\",\"status\":\"0\"},{\"seat_no\":\"xxx\",\"status\":\"0\"},{\"seat_no\":\"xxx\",\"status\":\"0\"},{\"seat_no\":\"F.1\",\"status\":1},{\"seat_no\":\"xxx\",\"status\":\"0\"},{\"seat_no\":\"F.2\",\"status\":1},{\"seat_no\":\"F.3\",\"status\":1},{\"seat_no\":\"G.1\",\"status\":1},{\"seat_no\":\"xxx\",\"status\":\"0\"},{\"seat_no\":\"G.2\",\"status\":1},{\"seat_no\":\"G.3\",\"status\":1},{\"seat_no\":\"H.1\",\"status\":1},{\"seat_no\":\"xxx\",\"status\":\"0\"},{\"seat_no\":\"H.2\",\"status\":1},{\"seat_no\":\"H.3\",\"status\":1},{\"seat_no\":\"I.1\",\"status\":1},{\"seat_no\":\"xxx\",\"status\":\"0\"},{\"seat_no\":\"I.2\",\"status\":1},{\"seat_no\":\"I.3\",\"status\":1},{\"seat_no\":\"J.1\",\"status\":1},{\"seat_no\":\"J.2.\",\"status\":1},{\"seat_no\":\"J.3\",\"status\":1},{\"seat_no\":\"J.4\",\"status\":1}]","created_at":"2014-12-23 00:00:00","updated_at":"2014-12-23 00:00:00"},{"id":"17","name":"Boss-45","ticket_type_id":"1","operator_id":"11","seat_layout_id":"18","row":"11","column":"5","seat_list":"[{\"seat_no\":\"A.1\",\"status\":1},{\"seat_no\":\"A.2\",\"status\":1},{\"seat_no\":\"xxx\",\"status\":\"0\"},{\"seat_no\":\"A.3\",\"status\":1},{\"seat_no\":\"A.4\",\"status\":1},{\"seat_no\":\"B.5\",\"status\":1},{\"seat_no\":\"B.6\",\"status\":1},{\"seat_no\":\"xxx\",\"status\":\"0\"},{\"seat_no\":\"B.7\",\"status\":1},{\"seat_no\":\"B.8\",\"status\":1},{\"seat_no\":\"C.9\",\"status\":1},{\"seat_no\":\"C.10\",\"status\":1},{\"seat_no\":\"xxx\",\"status\":\"0\"},{\"seat_no\":\"C.11\",\"status\":1},{\"seat_no\":\"C.12\",\"status\":1},{\"seat_no\":\"D.13\",\"status\":1},{\"seat_no\":\"D.14\",\"status\":1},{\"seat_no\":\"xxx\",\"status\":\"0\"},{\"seat_no\":\"D.15\",\"status\":1},{\"seat_no\":\"D.16\",\"status\":1},{\"seat_no\":\"E.17\",\"status\":1},{\"seat_no\":\"E.18\",\"status\":1},{\"seat_no\":\"xxx\",\"status\":\"0\"},{\"seat_no\":\"E.19\",\"status\":1},{\"seat_no\":\"E.20\",\"status\":1},{\"seat_no\":\"F.21\",\"status\":1},{\"seat_no\":\"F.22\",\"status\":1},{\"seat_no\":\"xxx\",\"status\":\"0\"},{\"seat_no\":\"F.23\",\"status\":1},{\"seat_no\":\"F.24\",\"status\":1},{\"seat_no\":\"G.25\",\"status\":1},{\"seat_no\":\"G.26\",\"status\":1},{\"seat_no\":\"xxx\",\"status\":\"0\"},{\"seat_no\":\"G.27\",\"status\":1},{\"seat_no\":\"G.28\",\"status\":1},{\"seat_no\":\"H.29\",\"status\":1},{\"seat_no\":\"H.30\",\"status\":1},{\"seat_no\":\"xxx\",\"status\":\"0\"},{\"seat_no\":\"H.31\",\"status\":1},{\"seat_no\":\"H.32\",\"status\":1},{\"seat_no\":\"I.33\",\"status\":1},{\"seat_no\":\"I.34\",\"status\":1},{\"seat_no\":\"xxx\",\"status\":\"0\"},{\"seat_no\":\"I.35\",\"status\":1},{\"seat_no\":\"I.36\",\"status\":1},{\"seat_no\":\"J.37\",\"status\":1},{\"seat_no\":\"J.38\",\"status\":1},{\"seat_no\":\"xxx\",\"status\":\"0\"},{\"seat_no\":\"J.38\",\"status\":1},{\"seat_no\":\"J.39\",\"status\":1},{\"seat_no\":\"K.41\",\"status\":1},{\"seat_no\":\"K.42\",\"status\":1},{\"seat_no\":\"K.43\",\"status\":1},{\"seat_no\":\"K.44\",\"status\":1},{\"seat_no\":\"K.45\",\"status\":1}]","created_at":"2014-12-23 00:00:00","updated_at":"2014-12-23 00:00:00"},{"id":"18","name":"Boss-36","ticket_type_id":"1","operator_id":"11","seat_layout_id":"24","row":"9","column":"5","seat_list":"[{\"seat_no\":\"1.A\",\"status\":1},{\"seat_no\":\"1.B\",\"status\":1},{\"seat_no\":\"xxx\",\"status\":\"0\"},{\"seat_no\":\"1.C\",\"status\":1},{\"seat_no\":\"1.D\",\"status\":1},{\"seat_no\":\"2.A\",\"status\":1},{\"seat_no\":\"2.B\",\"status\":1},{\"seat_no\":\"xxx\",\"status\":\"0\"},{\"seat_no\":\"2.C\",\"status\":1},{\"seat_no\":\"2.D\",\"status\":1},{\"seat_no\":\"3.A\",\"status\":1},{\"seat_no\":\"3.B\",\"status\":1},{\"seat_no\":\"xxx\",\"status\":\"0\"},{\"seat_no\":\"3.C\",\"status\":1},{\"seat_no\":\"3.D\",\"status\":1},{\"seat_no\":\"4.A\",\"status\":1},{\"seat_no\":\"4.B\",\"status\":1},{\"seat_no\":\"xxx\",\"status\":\"0\"},{\"seat_no\":\"4.C\",\"status\":1},{\"seat_no\":\"4.D\",\"status\":1},{\"seat_no\":\"5.A\",\"status\":1},{\"seat_no\":\"5.B\",\"status\":1},{\"seat_no\":\"xxx\",\"status\":\"0\"},{\"seat_no\":\"5.C\",\"status\":1},{\"seat_no\":\"5.D\",\"status\":1},{\"seat_no\":\"6.A\",\"status\":1},{\"seat_no\":\"6.B\",\"status\":1},{\"seat_no\":\"xxx\",\"status\":\"0\"},{\"seat_no\":\"6.C\",\"status\":1},{\"seat_no\":\"6.D\",\"status\":1},{\"seat_no\":\"7.A\",\"status\":1},{\"seat_no\":\"7.B\",\"status\":1},{\"seat_no\":\"xxx\",\"status\":\"0\"},{\"seat_no\":\"7.C\",\"status\":1},{\"seat_no\":\"7.D\",\"status\":1},{\"seat_no\":\"8.A\",\"status\":1},{\"seat_no\":\"8.B\",\"status\":1},{\"seat_no\":\"xxx\",\"status\":\"0\"},{\"seat_no\":\"8.C\",\"status\":1},{\"seat_no\":\"8.D\",\"status\":1},{\"seat_no\":\"9.A\",\"status\":1},{\"seat_no\":\"9.B\",\"status\":1},{\"seat_no\":\"xxx\",\"status\":\"0\"},{\"seat_no\":\"9.C\",\"status\":1},{\"seat_no\":\"9.D\",\"status\":1}]","created_at":"2014-12-23 00:00:00","updated_at":"2014-12-23 00:00:00"},{"id":"19","name":"Boss-25","ticket_type_id":"1","operator_id":"11","seat_layout_id":"25","row":"9","column":"4","seat_list":"[{\"seat_no\":\"A.1\",\"status\":1},{\"seat_no\":\"xxx\",\"status\":\"0\"},{\"seat_no\":\"A.2\",\"status\":1},{\"seat_no\":\"A.3\",\"status\":1},{\"seat_no\":\"B.1\",\"status\":1},{\"seat_no\":\"xxx\",\"status\":\"0\"},{\"seat_no\":\"B.2\",\"status\":1},{\"seat_no\":\"B.3\",\"status\":1},{\"seat_no\":\"C.1\",\"status\":1},{\"seat_no\":\"xxx\",\"status\":\"0\"},{\"seat_no\":\"C.2\",\"status\":1},{\"seat_no\":\"C.3\",\"status\":1},{\"seat_no\":\"D.1\",\"status\":1},{\"seat_no\":\"xxx\",\"status\":\"0\"},{\"seat_no\":\"D.2\",\"status\":1},{\"seat_no\":\"D.3\",\"status\":1},{\"seat_no\":\"E.1\",\"status\":1},{\"seat_no\":\"xxx\",\"status\":\"0\"},{\"seat_no\":\"xxx\",\"status\":\"0\"},{\"seat_no\":\"xxx\",\"status\":\"0\"},{\"seat_no\":\"F.1\",\"status\":1},{\"seat_no\":\"xxx\",\"status\":\"0\"},{\"seat_no\":\"F.2\",\"status\":1},{\"seat_no\":\"F.3\",\"status\":1},{\"seat_no\":\"G.1\",\"status\":1},{\"seat_no\":\"xxx\",\"status\":\"0\"},{\"seat_no\":\"G.2\",\"status\":1},{\"seat_no\":\"G.3\",\"status\":1},{\"seat_no\":\"H.1\",\"status\":1},{\"seat_no\":\"xxx\",\"status\":\"0\"},{\"seat_no\":\"H.2\",\"status\":1},{\"seat_no\":\"H.3\",\"status\":1},{\"seat_no\":\"I.1\",\"status\":1},{\"seat_no\":\"xxx\",\"status\":\"0\"},{\"seat_no\":\"I.2\",\"status\":1},{\"seat_no\":\"I.3\",\"status\":1}]","created_at":"2014-12-23 00:00:00","updated_at":"2014-12-23 00:00:00"},{"id":"20","name":"Boss-31","ticket_type_id":"1","operator_id":"11","seat_layout_id":"26","row":"10","column":"4","seat_list":"[{\"seat_no\":\"A.3\",\"status\":1},{\"seat_no\":\"A.2\",\"status\":1},{\"seat_no\":\"xxx\",\"status\":\"0\"},{\"seat_no\":\"A.1\",\"status\":1},{\"seat_no\":\"B.3\",\"status\":1},{\"seat_no\":\"B.2\",\"status\":1},{\"seat_no\":\"xxx\",\"status\":\"0\"},{\"seat_no\":\"B.1\",\"status\":1},{\"seat_no\":\"C.3\",\"status\":1},{\"seat_no\":\"C.2\",\"status\":1},{\"seat_no\":\"xxx\",\"status\":\"0\"},{\"seat_no\":\"C.1\",\"status\":1},{\"seat_no\":\"D.3\",\"status\":1},{\"seat_no\":\"D.2\",\"status\":1},{\"seat_no\":\"xxx\",\"status\":\"0\"},{\"seat_no\":\"D.1\",\"status\":1},{\"seat_no\":\"E.3\",\"status\":1},{\"seat_no\":\"E.2\",\"status\":1},{\"seat_no\":\"xxx\",\"status\":\"0\"},{\"seat_no\":\"E.1\",\"status\":1},{\"seat_no\":\"F.3\",\"status\":1},{\"seat_no\":\"F.2\",\"status\":1},{\"seat_no\":\"xxx\",\"status\":\"0\"},{\"seat_no\":\"F.1\",\"status\":1},{\"seat_no\":\"G.3\",\"status\":1},{\"seat_no\":\"G.2\",\"status\":1},{\"seat_no\":\"xxx\",\"status\":\"0\"},{\"seat_no\":\"G.1\",\"status\":1},{\"seat_no\":\"H.3\",\"status\":1},{\"seat_no\":\"H.2\",\"status\":1},{\"seat_no\":\"xxx\",\"status\":\"0\"},{\"seat_no\":\"H.1\",\"status\":1},{\"seat_no\":\"I.3\",\"status\":1},{\"seat_no\":\"I.2\",\"status\":1},{\"seat_no\":\"xxx\",\"status\":\"0\"},{\"seat_no\":\"I.1\",\"status\":1},{\"seat_no\":\"J.4\",\"status\":1},{\"seat_no\":\"J.3.\",\"status\":1},{\"seat_no\":\"J.2\",\"status\":1},{\"seat_no\":\"J.1\",\"status\":1}]","created_at":"2014-12-23 00:00:00","updated_at":"2014-12-23 00:00:00"},{"id":"24","name":"Boss-11","ticket_type_id":"1","operator_id":"11","seat_layout_id":"32","row":"5","column":"3","seat_list":"[{\"seat_no\":\"A1\",\"status\":1},{\"seat_no\":\"xxx\",\"status\":\"0\"},{\"seat_no\":\"A2\",\"status\":1},{\"seat_no\":\"B1\",\"status\":1},{\"seat_no\":\"xxx\",\"status\":\"0\"},{\"seat_no\":\"B2\",\"status\":1},{\"seat_no\":\"11\",\"status\":1},{\"seat_no\":\"xxx\",\"status\":\"0\"},{\"seat_no\":\"222\",\"status\":1},{\"seat_no\":\"33\",\"status\":1},{\"seat_no\":\"xxx\",\"status\":\"0\"},{\"seat_no\":\"444\",\"status\":1},{\"seat_no\":\"55\",\"status\":1},{\"seat_no\":\"666\",\"status\":1},{\"seat_no\":\"77\",\"status\":1}]","created_at":"2014-12-23 00:00:00","updated_at":"2014-12-23 00:00:00"},{"id":"26","name":"Boss-40","ticket_type_id":"1","operator_id":"11","seat_layout_id":"34","row":"11","column":"5","seat_list":"[{\"seat_no\":\"1\",\"status\":1},{\"seat_no\":\"2\",\"status\":1},{\"seat_no\":\"xxx\",\"status\":\"0\"},{\"seat_no\":\"3\",\"status\":1},{\"seat_no\":\"4\",\"status\":1},{\"seat_no\":\"5\",\"status\":1},{\"seat_no\":\"6\",\"status\":1},{\"seat_no\":\"xxx\",\"status\":\"0\"},{\"seat_no\":\"7\",\"status\":1},{\"seat_no\":\"8\",\"status\":1},{\"seat_no\":\"9\",\"status\":1},{\"seat_no\":\"10\",\"status\":1},{\"seat_no\":\"xxx\",\"status\":\"0\"},{\"seat_no\":\"11\",\"status\":1},{\"seat_no\":\"12\",\"status\":1},{\"seat_no\":\"13\",\"status\":1},{\"seat_no\":\"14\",\"status\":1},{\"seat_no\":\"xxx\",\"status\":\"0\"},{\"seat_no\":\"15\",\"status\":1},{\"seat_no\":\"16\",\"status\":1},{\"seat_no\":\"17\",\"status\":1},{\"seat_no\":\"18\",\"status\":1},{\"seat_no\":\"xxx\",\"status\":\"0\"},{\"seat_no\":\"19\",\"status\":1},{\"seat_no\":\"20\",\"status\":1},{\"seat_no\":\"21\",\"status\":1},{\"seat_no\":\"22\",\"status\":1},{\"seat_no\":\"xxx\",\"status\":\"0\"},{\"seat_no\":\"xxx\",\"status\":\"0\"},{\"seat_no\":\"xxx\",\"status\":\"0\"},{\"seat_no\":\"23\",\"status\":1},{\"seat_no\":\"24\",\"status\":1},{\"seat_no\":\"xxx\",\"status\":\"0\"},{\"seat_no\":\"xxx\",\"status\":\"0\"},{\"seat_no\":\"xxx\",\"status\":\"0\"},{\"seat_no\":\"25\",\"status\":1},{\"seat_no\":\"26\",\"status\":1},{\"seat_no\":\"xxx\",\"status\":\"0\"},{\"seat_no\":\"27\",\"status\":1},{\"seat_no\":\"28\",\"status\":1},{\"seat_no\":\"29\",\"status\":1},{\"seat_no\":\"30\",\"status\":1},{\"seat_no\":\"xxx\",\"status\":\"0\"},{\"seat_no\":\"31\",\"status\":1},{\"seat_no\":\"32\",\"status\":1},{\"seat_no\":\"33\",\"status\":1},{\"seat_no\":\"34\",\"status\":1},{\"seat_no\":\"xxx\",\"status\":\"0\"},{\"seat_no\":\"35\",\"status\":1},{\"seat_no\":\"36\",\"status\":1},{\"seat_no\":\"37\",\"status\":1},{\"seat_no\":\"38\",\"status\":1},{\"seat_no\":\"xxx\",\"status\":\"0\"},{\"seat_no\":\"39\",\"status\":1},{\"seat_no\":\"40\",\"status\":1}]","created_at":"2014-12-23 00:00:00","updated_at":"2014-12-23 00:00:00"}]