[{"id":"49","operator_id":"11","from":"13","to":"14","class_id":"17","available_day":"Daily","price":"7200","foreign_price":"0","commission":"700","time":"06:00 AM I","seat_plan_id":"17","created_at":"0000-00-00 00:00:00","updated_at":"0000-00-00 00:00:00"},{"id":"50","operator_id":"11","from":"13","to":"14","class_id":"17","available_day":"Daily","price":"7200","foreign_price":"0","commission":"700","time":"08:00 AM I","seat_plan_id":"17","created_at":"0000-00-00 00:00:00","updated_at":"0000-00-00 00:00:00"},{"id":"51","operator_id":"11","from":"13","to":"14","class_id":"17","available_day":"Daily","price":"7200","foreign_price":"0","commission":"700","time":"09:00 AM I","seat_plan_id":"17","created_at":"0000-00-00 00:00:00","updated_at":"0000-00-00 00:00:00"},{"id":"52","operator_id":"11","from":"13","to":"14","class_id":"17","available_day":"Daily","price":"7200","foreign_price":"0","commission":"700","time":"10:00 AM I","seat_plan_id":"17","created_at":"0000-00-00 00:00:00","updated_at":"0000-00-00 00:00:00"},{"id":"53","operator_id":"11","from":"13","to":"14","class_id":"17","available_day":"Daily","price":"7200","foreign_price":"0","commission":"700","time":"11:00 AM I","seat_plan_id":"17","created_at":"0000-00-00 00:00:00","updated_at":"0000-00-00 00:00:00"},{"id":"54","operator_id":"11","from":"13","to":"14","class_id":"17","available_day":"Daily","price":"7200","foreign_price":"0","commission":"700","time":"12:00 AM I","seat_plan_id":"17","created_at":"0000-00-00 00:00:00","updated_at":"0000-00-00 00:00:00"},{"id":"55","operator_id":"11","from":"13","to":"14","class_id":"17","available_day":"Daily","price":"7200","foreign_price":"0","commission":"700","time":"01:00 PM I","seat_plan_id":"17","created_at":"0000-00-00 00:00:00","updated_at":"0000-00-00 00:00:00"},{"id":"56","operator_id":"11","from":"13","to":"14","class_id":"17","available_day":"Daily","price":"7200","foreign_price":"0","commission":"700","time":"02:00 PM I","seat_plan_id":"17","created_at":"0000-00-00 00:00:00","updated_at":"0000-00-00 00:00:00"},{"id":"57","operator_id":"11","from":"13","to":"14","class_id":"17","available_day":"Daily","price":"7200","foreign_price":"0","commission":"700","time":"04:00 PM I","seat_plan_id":"17","created_at":"0000-00-00 00:00:00","updated_at":"0000-00-00 00:00:00"},{"id":"58","operator_id":"11","from":"13","to":"14","class_id":"17","available_day":"Daily","price":"7200","foreign_price":"0","commission":"700","time":"09:30 PM I","seat_plan_id":"17","created_at":"0000-00-00 00:00:00","updated_at":"0000-00-00 00:00:00"},{"id":"60","operator_id":"11","from":"13","to":"14","class_id":"18","available_day":"Daily","price":"9000","foreign_price":"0","commission":"700","time":"07:00 AM I","seat_plan_id":"15","created_at":"0000-00-00 00:00:00","updated_at":"0000-00-00 00:00:00"},{"id":"61","operator_id":"11","from":"13","to":"14","class_id":"18","available_day":"Daily","price":"9000","foreign_price":"0","commission":"700","time":"06:00 PM I","seat_plan_id":"15","created_at":"0000-00-00 00:00:00","updated_at":"0000-00-00 00:00:00"},{"id":"63","operator_id":"11","from":"13","to":"14","class_id":"18","available_day":"Daily","price":"9000","foreign_price":"0","commission":"700","time":"08:00 PM I","seat_plan_id":"15","created_at":"0000-00-00 00:00:00","updated_at":"0000-00-00 00:00:00"},{"id":"64","operator_id":"11","from":"13","to":"18","class_id":"19","available_day":"Daily","price":"20200","foreign_price":"0","commission":"1500","time":"08:30 AM I","seat_plan_id":"19","created_at":"0000-00-00 00:00:00","updated_at":"0000-00-00 00:00:00"},{"id":"66","operator_id":"11","from":"13","to":"18","class_id":"19","available_day":"Daily","price":"20200","foreign_price":"0","commission":"1500","time":"09:00 PM I","seat_plan_id":"19","created_at":"0000-00-00 00:00:00","updated_at":"0000-00-00 00:00:00"},{"id":"67","operator_id":"11","from":"13","to":"18","class_id":"19","available_day":"Daily","price":"20200","foreign_price":"0","commission":"1500","time":"10:30 PM I","seat_plan_id":"19","created_at":"0000-00-00 00:00:00","updated_at":"0000-00-00 00:00:00"},{"id":"68","operator_id":"11","from":"13","to":"18","class_id":"18","available_day":"Daily","price":"13200","foreign_price":"0","commission":"1000","time":"09:30 PM I","seat_plan_id":"15","created_at":"0000-00-00 00:00:00","updated_at":"0000-00-00 00:00:00"},{"id":"69","operator_id":"11","from":"13","to":"18","class_id":"17","available_day":"Daily","price":"10700","foreign_price":"0","commission":"1000","time":"09:30 AM I","seat_plan_id":"17","created_at":"0000-00-00 00:00:00","updated_at":"0000-00-00 00:00:00"},{"id":"70","operator_id":"11","from":"13","to":"18","class_id":"17","available_day":"Daily","price":"10700","foreign_price":"0","commission":"1000","time":"09:00 PM I","seat_plan_id":"17","created_at":"0000-00-00 00:00:00","updated_at":"0000-00-00 00:00:00"},{"id":"71","operator_id":"11","from":"13","to":"15","class_id":"17","available_day":"Daily","price":"11700","foreign_price":"0","commission":"1000","time":"07:30 PM I","seat_plan_id":"17","created_at":"0000-00-00 00:00:00","updated_at":"0000-00-00 00:00:00"},{"id":"72","operator_id":"11","from":"13","to":"15","class_id":"19","available_day":"Daily","price":"20200","foreign_price":"0","commission":"1500","time":"07:00 PM I","seat_plan_id":"20","created_at":"0000-00-00 00:00:00","updated_at":"0000-00-00 00:00:00"},{"id":"73","operator_id":"11","from":"13","to":"27","class_id":"17","available_day":"Daily","price":"12700","foreign_price":"0","commission":"1000","time":"06:30 PM I","seat_plan_id":"17","created_at":"0000-00-00 00:00:00","updated_at":"0000-00-00 00:00:00"},{"id":"74","operator_id":"11","from":"13","to":"27","class_id":"17","available_day":"Daily","price":"12700","foreign_price":"0","commission":"1000","time":"08:30 PM I","seat_plan_id":"17","created_at":"0000-00-00 00:00:00","updated_at":"0000-00-00 00:00:00"},{"id":"75","operator_id":"11","from":"13","to":"17","class_id":"18","available_day":"Daily","price":"14200","foreign_price":"0","commission":"1000","time":"08:00 AM I","seat_plan_id":"15","created_at":"0000-00-00 00:00:00","updated_at":"0000-00-00 00:00:00"},{"id":"76","operator_id":"11","from":"13","to":"17","class_id":"18","available_day":"Daily","price":"14200","foreign_price":"0","commission":"1000","time":"05:00 PM I","seat_plan_id":"15","created_at":"0000-00-00 00:00:00","updated_at":"0000-00-00 00:00:00"},{"id":"77","operator_id":"11","from":"13","to":"17","class_id":"19","available_day":"Daily","price":"22200","foreign_price":"0","commission":"1500","time":"06:00 PM I","seat_plan_id":"19","created_at":"0000-00-00 00:00:00","updated_at":"0000-00-00 00:00:00"},{"id":"82","operator_id":"11","from":"13","to":"21","class_id":"18","available_day":"Daily","price":"14200","foreign_price":"0","commission":"1000","time":"09:30 PM I","seat_plan_id":"18","created_at":"0000-00-00 00:00:00","updated_at":"0000-00-00 00:00:00"},{"id":"85","operator_id":"11","from":"13","to":"14","class_id":"17","available_day":"Sun","price":"7200","foreign_price":"7200","commission":"700","time":"07:30 AM I","seat_plan_id":"17","created_at":"0000-00-00 00:00:00","updated_at":"0000-00-00 00:00:00"},{"id":"86","operator_id":"11","from":"13","to":"14","class_id":"17","available_day":"Sun","price":"7200","foreign_price":"7200","commission":"700","time":"05:00 PM I","seat_plan_id":"17","created_at":"0000-00-00 00:00:00","updated_at":"0000-00-00 00:00:00"},{"id":"87","operator_id":"11","from":"13","to":"14","class_id":"17","available_day":"Daily","price":"7200","foreign_price":"7200","commission":"700","time":"10:00 PM I","seat_plan_id":"17","created_at":"0000-00-00 00:00:00","updated_at":"0000-00-00 00:00:00"},{"id":"88","operator_id":"11","from":"14","to":"13","class_id":"17","available_day":"Daily","price":"7200","foreign_price":"7200","commission":"700","time":"06:30 AM I","seat_plan_id":"17","created_at":"0000-00-00 00:00:00","updated_at":"0000-00-00 00:00:00"},{"id":"89","operator_id":"11","from":"14","to":"13","class_id":"18","available_day":"Daily","price":"9000","foreign_price":"9000","commission":"700","time":"07:30 AM I","seat_plan_id":"15","created_at":"0000-00-00 00:00:00","updated_at":"0000-00-00 00:00:00"},{"id":"90","operator_id":"11","from":"14","to":"13","class_id":"17","available_day":"Daily","price":"7200","foreign_price":"7200","commission":"700","time":"08:30 AM I","seat_plan_id":"17","created_at":"0000-00-00 00:00:00","updated_at":"0000-00-00 00:00:00"},{"id":"92","operator_id":"11","from":"14","to":"13","class_id":"18","available_day":"Daily","price":"9000","foreign_price":"9000","commission":"700","time":"10:00 AM I","seat_plan_id":"15","created_at":"0000-00-00 00:00:00","updated_at":"0000-00-00 00:00:00"},{"id":"93","operator_id":"11","from":"14","to":"13","class_id":"17","available_day":"Daily","price":"7200","foreign_price":"7200","commission":"700","time":"12:00 AM I","seat_plan_id":"17","created_at":"0000-00-00 00:00:00","updated_at":"0000-00-00 00:00:00"},{"id":"94","operator_id":"11","from":"14","to":"13","class_id":"17","available_day":"Daily","price":"7200","foreign_price":"7200","commission":"700","time":"01:00 PM I","seat_plan_id":"17","created_at":"0000-00-00 00:00:00","updated_at":"0000-00-00 00:00:00"},{"id":"95","operator_id":"11","from":"14","to":"13","class_id":"17","available_day":"Daily","price":"7200","foreign_price":"7200","commission":"700","time":"02:00 PM I","seat_plan_id":"17","created_at":"0000-00-00 00:00:00","updated_at":"0000-00-00 00:00:00"},{"id":"96","operator_id":"11","from":"14","to":"13","class_id":"17","available_day":"Daily","price":"7200","foreign_price":"7200","commission":"700","time":"03:00 PM I","seat_plan_id":"17","created_at":"0000-00-00 00:00:00","updated_at":"0000-00-00 00:00:00"},{"id":"97","operator_id":"11","from":"14","to":"13","class_id":"17","available_day":"Daily","price":"7200","foreign_price":"7200","commission":"700","time":"05:00 PM I","seat_plan_id":"17","created_at":"0000-00-00 00:00:00","updated_at":"0000-00-00 00:00:00"},{"id":"98","operator_id":"11","from":"14","to":"13","class_id":"18","available_day":"Daily","price":"9000","foreign_price":"9000","commission":"700","time":"05:00 PM II","seat_plan_id":"15","created_at":"0000-00-00 00:00:00","updated_at":"0000-00-00 00:00:00"},{"id":"99","operator_id":"11","from":"14","to":"13","class_id":"17","available_day":"Daily","price":"7200","foreign_price":"7200","commission":"700","time":"06:00 PM I","seat_plan_id":"17","created_at":"0000-00-00 00:00:00","updated_at":"0000-00-00 00:00:00"},{"id":"100","operator_id":"11","from":"14","to":"13","class_id":"17","available_day":"Daily","price":"7200","foreign_price":"7200","commission":"700","time":"09:30 PM I","seat_plan_id":"17","created_at":"0000-00-00 00:00:00","updated_at":"0000-00-00 00:00:00"},{"id":"101","operator_id":"11","from":"14","to":"13","class_id":"17","available_day":"Daily","price":"7200","foreign_price":"7200","commission":"700","time":"09:30 PM II","seat_plan_id":"17","created_at":"0000-00-00 00:00:00","updated_at":"0000-00-00 00:00:00"},{"id":"102","operator_id":"11","from":"14","to":"13","class_id":"17","available_day":"Daily","price":"7200","foreign_price":"7200","commission":"700","time":"10:00 PM I","seat_plan_id":"17","created_at":"0000-00-00 00:00:00","updated_at":"0000-00-00 00:00:00"},{"id":"103","operator_id":"11","from":"14","to":"13","class_id":"17","available_day":"Daily","price":"7200","foreign_price":"7200","commission":"700","time":"10:00 PM II","seat_plan_id":"17","created_at":"0000-00-00 00:00:00","updated_at":"0000-00-00 00:00:00"},{"id":"104","operator_id":"11","from":"13","to":"18","class_id":"19","available_day":"Daily","price":"20200","foreign_price":"20200","commission":"1500","time":"09:00 PM II","seat_plan_id":"19","created_at":"0000-00-00 00:00:00","updated_at":"0000-00-00 00:00:00"},{"id":"105","operator_id":"11","from":"13","to":"18","class_id":"19","available_day":"Daily","price":"20200","foreign_price":"20200","commission":"1500","time":"10:30 PM II","seat_plan_id":"19","created_at":"0000-00-00 00:00:00","updated_at":"0000-00-00 00:00:00"},{"id":"106","operator_id":"11","from":"13","to":"18","class_id":"17","available_day":"Daily","price":"10700","foreign_price":"10700","commission":"1000","time":"09:00 PM II","seat_plan_id":"17","created_at":"0000-00-00 00:00:00","updated_at":"0000-00-00 00:00:00"},{"id":"107","operator_id":"11","from":"18","to":"13","class_id":"17","available_day":"Daily","price":"10700","foreign_price":"10700","commission":"1000","time":"09:00 AM I","seat_plan_id":"17","created_at":"0000-00-00 00:00:00","updated_at":"0000-00-00 00:00:00"},{"id":"108","operator_id":"11","from":"18","to":"13","class_id":"19","available_day":"Daily","price":"20200","foreign_price":"20200","commission":"1500","time":"09:00 AM I","seat_plan_id":"19","created_at":"0000-00-00 00:00:00","updated_at":"0000-00-00 00:00:00"},{"id":"109","operator_id":"11","from":"18","to":"13","class_id":"19","available_day":"Daily","price":"20200","foreign_price":"20200","commission":"1500","time":"08:30 PM I","seat_plan_id":"19","created_at":"0000-00-00 00:00:00","updated_at":"0000-00-00 00:00:00"},{"id":"110","operator_id":"11","from":"18","to":"13","class_id":"19","available_day":"Daily","price":"20200","foreign_price":"20200","commission":"1500","time":"09:30 PM I","seat_plan_id":"19","created_at":"0000-00-00 00:00:00","updated_at":"0000-00-00 00:00:00"},{"id":"111","operator_id":"11","from":"18","to":"13","class_id":"19","available_day":"Daily","price":"20200","foreign_price":"20200","commission":"1500","time":"09:30 PM II","seat_plan_id":"19","created_at":"0000-00-00 00:00:00","updated_at":"0000-00-00 00:00:00"},{"id":"112","operator_id":"11","from":"18","to":"13","class_id":"17","available_day":"Daily","price":"10700","foreign_price":"10700","commission":"1000","time":"09:30 PM I","seat_plan_id":"17","created_at":"0000-00-00 00:00:00","updated_at":"0000-00-00 00:00:00"},{"id":"113","operator_id":"11","from":"18","to":"13","class_id":"17","available_day":"Daily","price":"10700","foreign_price":"10700","commission":"1000","time":"09:30 PM II","seat_plan_id":"17","created_at":"0000-00-00 00:00:00","updated_at":"0000-00-00 00:00:00"},{"id":"114","operator_id":"11","from":"18","to":"13","class_id":"18","available_day":"Daily","price":"13200","foreign_price":"13200","commission":"1000","time":"10:00 PM I","seat_plan_id":"15","created_at":"0000-00-00 00:00:00","updated_at":"0000-00-00 00:00:00"},{"id":"115","operator_id":"11","from":"18","to":"13","class_id":"19","available_day":"Daily","price":"20200","foreign_price":"20200","commission":"1500","time":"10:30 PM I","seat_plan_id":"19","created_at":"0000-00-00 00:00:00","updated_at":"0000-00-00 00:00:00"},{"id":"116","operator_id":"11","from":"18","to":"13","class_id":"19","available_day":"Daily","price":"20200","foreign_price":"20200","commission":"1500","time":"10:30 PM II","seat_plan_id":"19","created_at":"0000-00-00 00:00:00","updated_at":"0000-00-00 00:00:00"},{"id":"117","operator_id":"11","from":"13","to":"15","class_id":"17","available_day":"Daily","price":"11700","foreign_price":"11700","commission":"1000","time":"07:00 PM I","seat_plan_id":"17","created_at":"0000-00-00 00:00:00","updated_at":"0000-00-00 00:00:00"},{"id":"118","operator_id":"11","from":"15","to":"13","class_id":"19","available_day":"Daily","price":"20200","foreign_price":"20200","commission":"1500","time":"06:00 PM I","seat_plan_id":"20","created_at":"0000-00-00 00:00:00","updated_at":"0000-00-00 00:00:00"},{"id":"119","operator_id":"11","from":"15","to":"13","class_id":"17","available_day":"Daily","price":"11700","foreign_price":"11700","commission":"1000","time":"06:00 PM I","seat_plan_id":"17","created_at":"0000-00-00 00:00:00","updated_at":"0000-00-00 00:00:00"},{"id":"120","operator_id":"11","from":"15","to":"13","class_id":"17","available_day":"Daily","price":"11700","foreign_price":"11700","commission":"1000","time":"06:30 PM I","seat_plan_id":"17","created_at":"0000-00-00 00:00:00","updated_at":"0000-00-00 00:00:00"},{"id":"121","operator_id":"11","from":"13","to":"17","class_id":"19","available_day":"Daily","price":"22200","foreign_price":"22200","commission":"1500","time":"06:00 PM II","seat_plan_id":"19","created_at":"0000-00-00 00:00:00","updated_at":"0000-00-00 00:00:00"},{"id":"122","operator_id":"11","from":"17","to":"13","class_id":"18","available_day":"Daily","price":"14200","foreign_price":"14200","commission":"1000","time":"08:00 AM I","seat_plan_id":"15","created_at":"0000-00-00 00:00:00","updated_at":"0000-00-00 00:00:00"},{"id":"123","operator_id":"11","from":"17","to":"13","class_id":"18","available_day":"Daily","price":"14200","foreign_price":"14200","commission":"1000","time":"04:00 PM I","seat_plan_id":"15","created_at":"0000-00-00 00:00:00","updated_at":"0000-00-00 00:00:00"},{"id":"124","operator_id":"11","from":"17","to":"13","class_id":"19","available_day":"Daily","price":"22200","foreign_price":"22200","commission":"1500","time":"05:00 PM I","seat_plan_id":"19","created_at":"0000-00-00 00:00:00","updated_at":"0000-00-00 00:00:00"},{"id":"125","operator_id":"11","from":"17","to":"13","class_id":"19","available_day":"Daily","price":"22200","foreign_price":"22200","commission":"1500","time":"05:00 PM II","seat_plan_id":"19","created_at":"0000-00-00 00:00:00","updated_at":"0000-00-00 00:00:00"},{"id":"126","operator_id":"11","from":"27","to":"13","class_id":"17","available_day":"Daily","price":"12700","foreign_price":"12700","commission":"1000","time":"07:00 AM I","seat_plan_id":"17","created_at":"0000-00-00 00:00:00","updated_at":"0000-00-00 00:00:00"},{"id":"127","operator_id":"11","from":"27","to":"13","class_id":"17","available_day":"Daily","price":"12700","foreign_price":"12700","commission":"1000","time":"08:00 PM I","seat_plan_id":"17","created_at":"0000-00-00 00:00:00","updated_at":"0000-00-00 00:00:00"},{"id":"136","operator_id":"11","from":"13","to":"14","class_id":"17","available_day":"Daily","price":"7200","foreign_price":"7200","commission":"0","time":"10:00 PM II","seat_plan_id":"17","created_at":"0000-00-00 00:00:00","updated_at":"0000-00-00 00:00:00"},{"id":"137","operator_id":"11","from":"23","to":"13","class_id":"17","available_day":"Daily","price":"12000","foreign_price":"13000","commission":"1500","time":"06:00 PM I","seat_plan_id":"24","created_at":"0000-00-00 00:00:00","updated_at":"0000-00-00 00:00:00"},{"id":"138","operator_id":"11","from":"13","to":"22","class_id":"17","available_day":"Daily","price":"7200","foreign_price":"7200","commission":"500","time":"08:30 AM I","seat_plan_id":"26","created_at":"0000-00-00 00:00:00","updated_at":"0000-00-00 00:00:00"},{"id":"139","operator_id":"11","from":"13","to":"22","class_id":"17","available_day":"Daily","price":"7200","foreign_price":"7200","commission":"500","time":"12:30 PM I","seat_plan_id":"26","created_at":"0000-00-00 00:00:00","updated_at":"0000-00-00 00:00:00"},{"id":"140","operator_id":"11","from":"13","to":"22","class_id":"17","available_day":"Daily","price":"7200","foreign_price":"7200","commission":"500","time":"09:30 PM I","seat_plan_id":"26","created_at":"0000-00-00 00:00:00","updated_at":"0000-00-00 00:00:00"},{"id":"141","operator_id":"11","from":"22","to":"13","class_id":"17","available_day":"Daily","price":"7200","foreign_price":"7200","commission":"500","time":"08:30 AM I","seat_plan_id":"26","created_at":"0000-00-00 00:00:00","updated_at":"0000-00-00 00:00:00"},{"id":"142","operator_id":"11","from":"22","to":"13","class_id":"17","available_day":"Daily","price":"7200","foreign_price":"7200","commission":"500","time":"09:30 PM I","seat_plan_id":"26","created_at":"0000-00-00 00:00:00","updated_at":"0000-00-00 00:00:00"},{"id":"146","operator_id":"11","from":"21","to":"13","class_id":"18","available_day":"Daily","price":"14200","foreign_price":"14200","commission":"1000","time":"09:00 AM I","seat_plan_id":"18","created_at":"0000-00-00 00:00:00","updated_at":"0000-00-00 00:00:00"},{"id":"147","operator_id":"11","from":"21","to":"13","class_id":"18","available_day":"Daily","price":"14200","foreign_price":"14200","commission":"1000","time":"08:30 PM I","seat_plan_id":"18","created_at":"0000-00-00 00:00:00","updated_at":"0000-00-00 00:00:00"},{"id":"149","operator_id":"11","from":"13","to":"21","class_id":"18","available_day":"Daily","price":"14200","foreign_price":"14200","commission":"1000","time":"08:00 AM I","seat_plan_id":"18","created_at":"0000-00-00 00:00:00","updated_at":"0000-00-00 00:00:00"},{"id":"150","operator_id":"11","from":"13","to":"21","class_id":"18","available_day":"Daily","price":"14200","foreign_price":"14200","commission":"1000","time":"09:30 PM II","seat_plan_id":"18","created_at":"0000-00-00 00:00:00","updated_at":"0000-00-00 00:00:00"},{"id":"151","operator_id":"11","from":"22","to":"13","class_id":"17","available_day":"Daily","price":"7200","foreign_price":"7200","commission":"500","time":"01:00 PM I","seat_plan_id":"26","created_at":"0000-00-00 00:00:00","updated_at":"0000-00-00 00:00:00"},{"id":"152","operator_id":"11","from":"21","to":"13","class_id":"18","available_day":"Daily","price":"14200","foreign_price":"14200","commission":"1000","time":"08:30 PM II","seat_plan_id":"18","created_at":"0000-00-00 00:00:00","updated_at":"0000-00-00 00:00:00"},{"id":"154","operator_id":"11","from":"13","to":"18","class_id":"17","available_day":"Daily","price":"10700","foreign_price":"10700","commission":"1000","time":"09:00 PM III","seat_plan_id":"17","created_at":"0000-00-00 00:00:00","updated_at":"0000-00-00 00:00:00"},{"id":"156","operator_id":"11","from":"13","to":"18","class_id":"19","available_day":"Daily","price":"20200","foreign_price":"20200","commission":"1500","time":"09:00 PM III","seat_plan_id":"19","created_at":"0000-00-00 00:00:00","updated_at":"0000-00-00 00:00:00"},{"id":"157","operator_id":"11","from":"13","to":"22","class_id":"17","available_day":"Daily","price":"7200","foreign_price":"7200","commission":"500","time":"09:30 PM II","seat_plan_id":"26","created_at":"0000-00-00 00:00:00","updated_at":"0000-00-00 00:00:00"},{"id":"158","operator_id":"11","from":"13","to":"27","class_id":"17","available_day":"Daily","price":"12700","foreign_price":"12700","commission":"1000","time":"08:30 PM II","seat_plan_id":"17","created_at":"0000-00-00 00:00:00","updated_at":"0000-00-00 00:00:00"}]