[{"id":"11131417DAT0300PM1","operator_id":11,"from":13,"to":14,"class_id":17,"available_day":"2015-02-27","price":7200,"foreign_price":7200,"commission":500,"time":"03:00 PM 1","departure_time":"15:00:00","ever_close":0,"from_close_date":"0000-00-00","to_close_date":"0000-00-00","remark":"","seat_plan_id":17,"status":0,"created_at":"2015-02-26 08:02:05","updated_at":"2015-05-07 07:29:24"},{"id":"11131417DAT0400PM2","operator_id":11,"from":13,"to":14,"class_id":17,"available_day":"2015-04-30","price":7200,"foreign_price":7200,"commission":1000,"time":"04:00 PM 2","departure_time":"16:00:00","ever_close":0,"from_close_date":"0000-00-00","to_close_date":"0000-00-00","remark":"","seat_plan_id":17,"status":0,"created_at":"2015-04-29 06:41:47","updated_at":"2015-05-07 07:29:24"},{"id":"11131417DAT0500PM2","operator_id":11,"from":13,"to":14,"class_id":17,"available_day":"2015-03-02","price":7200,"foreign_price":7200,"commission":500,"time":"05:00 PM 2","departure_time":"17:00:00","ever_close":0,"from_close_date":"0000-00-00","to_close_date":"0000-00-00","remark":"","seat_plan_id":17,"status":0,"created_at":"2015-02-27 02:55:19","updated_at":"2015-05-07 07:29:24"},{"id":"11131417DAT0500PM3","operator_id":11,"from":13,"to":14,"class_id":17,"available_day":"2015-03-04","price":7200,"foreign_price":7200,"commission":700,"time":"05:00 PM 3","departure_time":"17:00:00","ever_close":0,"from_close_date":"0000-00-00","to_close_date":"0000-00-00","remark":"","seat_plan_id":17,"status":0,"created_at":"2015-03-03 05:15:22","updated_at":"2015-05-07 07:29:24"},{"id":"11131417DAT0600AM2","operator_id":11,"from":13,"to":14,"class_id":17,"available_day":"2015-03-30","price":7200,"foreign_price":7200,"commission":1000,"time":"06:00 AM 2","departure_time":"06:00:00","ever_close":0,"from_close_date":"0000-00-00","to_close_date":"0000-00-00","remark":"","seat_plan_id":17,"status":0,"created_at":"2015-03-28 10:32:13","updated_at":"2015-05-07 07:29:24"},{"id":"11131417DAT0730AM2","operator_id":11,"from":13,"to":14,"class_id":17,"available_day":"2015-05-11","price":7200,"foreign_price":7200,"commission":1000,"time":"07:30 AM 2","departure_time":"00:00:00","ever_close":0,"from_close_date":"0000-00-00","to_close_date":"0000-00-00","remark":"","seat_plan_id":17,"status":0,"created_at":"2015-05-10 05:47:04","updated_at":"2015-05-10 05:47:04"},{"id":"11131417DAT0730AM3","operator_id":11,"from":13,"to":14,"class_id":17,"available_day":"2015-05-12","price":7200,"foreign_price":7200,"commission":1000,"time":"07:30 AM 3","departure_time":"00:00:00","ever_close":0,"from_close_date":"0000-00-00","to_close_date":"0000-00-00","remark":"","seat_plan_id":17,"status":0,"created_at":"2015-05-11 02:58:43","updated_at":"2015-05-11 02:58:43"},{"id":"11131417DAT0800PM1","operator_id":11,"from":13,"to":14,"class_id":17,"available_day":"2015-04-11","price":7200,"foreign_price":7200,"commission":500,"time":"08:00 PM 1","departure_time":"20:00:00","ever_close":0,"from_close_date":"0000-00-00","to_close_date":"0000-00-00","remark":"","seat_plan_id":17,"status":0,"created_at":"2015-03-20 06:36:30","updated_at":"2015-05-07 07:29:24"},{"id":"11131417DAT0800PM2","operator_id":11,"from":13,"to":14,"class_id":17,"available_day":"2015-04-11","price":7200,"foreign_price":7200,"commission":500,"time":"08:00 PM 2","departure_time":"20:00:00","ever_close":0,"from_close_date":"0000-00-00","to_close_date":"0000-00-00","remark":"","seat_plan_id":17,"status":0,"created_at":"2015-03-20 06:37:39","updated_at":"2015-05-07 07:29:24"},{"id":"11131417DAT0800PM3","operator_id":11,"from":13,"to":14,"class_id":17,"available_day":"2015-04-11","price":7200,"foreign_price":7200,"commission":500,"time":"08:00 PM 3","departure_time":"20:00:00","ever_close":0,"from_close_date":"0000-00-00","to_close_date":"0000-00-00","remark":"","seat_plan_id":17,"status":0,"created_at":"2015-03-20 06:38:40","updated_at":"2015-05-07 07:29:24"},{"id":"11131417DAT0830AM1","operator_id":11,"from":13,"to":14,"class_id":17,"available_day":"2015-05-11","price":7200,"foreign_price":7200,"commission":1000,"time":"08:30 AM 1","departure_time":"00:00:00","ever_close":0,"from_close_date":"0000-00-00","to_close_date":"0000-00-00","remark":"","seat_plan_id":17,"status":0,"created_at":"2015-05-10 05:38:35","updated_at":"2015-05-10 05:38:35"},{"id":"11131417DAT0930PM2","operator_id":11,"from":13,"to":14,"class_id":17,"available_day":"2015-03-04","price":7200,"foreign_price":7200,"commission":700,"time":"09:30 PM 2","departure_time":"21:30:00","ever_close":0,"from_close_date":"0000-00-00","to_close_date":"0000-00-00","remark":"","seat_plan_id":17,"status":0,"created_at":"2015-03-03 12:41:00","updated_at":"2015-05-07 07:29:25"},{"id":"11131417DAT0930PM3","operator_id":11,"from":13,"to":14,"class_id":17,"available_day":"2015-03-08","price":7200,"foreign_price":7200,"commission":700,"time":"09:30 PM 3","departure_time":"21:30:00","ever_close":0,"from_close_date":"0000-00-00","to_close_date":"0000-00-00","remark":"","seat_plan_id":17,"status":0,"created_at":"2015-03-09 02:33:32","updated_at":"2015-05-07 07:29:25"},{"id":"11131417DAT0930PM4","operator_id":11,"from":13,"to":14,"class_id":17,"available_day":"2015-04-21","price":7200,"foreign_price":7200,"commission":700,"time":"09:30 PM 4","departure_time":"21:30:00","ever_close":0,"from_close_date":"0000-00-00","to_close_date":"0000-00-00","remark":"","seat_plan_id":17,"status":0,"created_at":"2015-04-20 08:50:48","updated_at":"2015-05-07 07:29:25"},{"id":"11131417DAT0930PM5","operator_id":11,"from":13,"to":14,"class_id":17,"available_day":"2015-04-30","price":7200,"foreign_price":7200,"commission":700,"time":"09:30 PM 5","departure_time":"00:00:00","ever_close":0,"from_close_date":"0000-00-00","to_close_date":"0000-00-00","remark":"","seat_plan_id":17,"status":0,"created_at":"2015-04-29 08:25:38","updated_at":"2015-05-07 07:29:25"},{"id":"11131417DAT0930PM6","operator_id":11,"from":13,"to":14,"class_id":17,"available_day":"","price":7200,"foreign_price":7200,"commission":700,"time":"09:30 PM 6","departure_time":"00:00:00","ever_close":0,"from_close_date":"0000-00-00","to_close_date":"0000-00-00","remark":"","seat_plan_id":17,"status":0,"created_at":"2015-05-03 05:36:31","updated_at":"2015-05-07 07:29:25"},{"id":"11131417DAT0930PM7","operator_id":11,"from":13,"to":14,"class_id":17,"available_day":"2015-05-03","price":7200,"foreign_price":7200,"commission":700,"time":"09:30 PM 7","departure_time":"00:00:00","ever_close":0,"from_close_date":"0000-00-00","to_close_date":"0000-00-00","remark":"","seat_plan_id":17,"status":0,"created_at":"2015-05-03 05:38:19","updated_at":"2015-05-07 07:29:25"},{"id":"11131417DAT1000PM3","operator_id":11,"from":13,"to":14,"class_id":17,"available_day":"2015-03-02","price":7200,"foreign_price":7200,"commission":700,"time":"10:00 PM 3","departure_time":"22:00:00","ever_close":0,"from_close_date":"0000-00-00","to_close_date":"0000-00-00","remark":"","seat_plan_id":17,"status":0,"created_at":"2015-03-03 03:02:35","updated_at":"2015-05-07 07:29:25"},{"id":"11131417DAT1000PM4","operator_id":11,"from":13,"to":14,"class_id":17,"available_day":"2015-03-04","price":7200,"foreign_price":7200,"commission":700,"time":"10:00 PM 4","departure_time":"22:00:00","ever_close":0,"from_close_date":"0000-00-00","to_close_date":"0000-00-00","remark":"","seat_plan_id":17,"status":0,"created_at":"2015-03-03 05:16:16","updated_at":"2015-05-07 07:29:25"},{"id":"11131417DAT1000PM5","operator_id":11,"from":13,"to":14,"class_id":17,"available_day":"2015-04-21","price":7200,"foreign_price":7200,"commission":700,"time":"10:00 PM 5","departure_time":"22:00:00","ever_close":0,"from_close_date":"0000-00-00","to_close_date":"0000-00-00","remark":"","seat_plan_id":17,"status":0,"created_at":"2015-04-20 08:52:34","updated_at":"2015-05-07 07:29:25"},{"id":"11131417DLY0100PM1","operator_id":11,"from":13,"to":14,"class_id":17,"available_day":"Daily","price":7200,"foreign_price":0,"commission":700,"time":"01:00 PM 1","departure_time":"13:00:00","ever_close":0,"from_close_date":"0000-00-00","to_close_date":"0000-00-00","remark":"","seat_plan_id":17,"status":0,"created_at":"2014-12-23 00:00:00","updated_at":"2015-05-07 07:29:25"},{"id":"11131417DLY0200PM1","operator_id":11,"from":13,"to":14,"class_id":17,"available_day":"Daily","price":7200,"foreign_price":0,"commission":700,"time":"02:00 PM 1","departure_time":"14:00:00","ever_close":0,"from_close_date":"0000-00-00","to_close_date":"0000-00-00","remark":"","seat_plan_id":17,"status":0,"created_at":"2014-12-23 00:00:00","updated_at":"2015-05-07 07:29:25"},{"id":"11131417DLY0400PM1","operator_id":11,"from":13,"to":14,"class_id":17,"available_day":"Daily","price":7200,"foreign_price":0,"commission":700,"time":"04:00 PM 1","departure_time":"16:00:00","ever_close":0,"from_close_date":"0000-00-00","to_close_date":"0000-00-00","remark":"","seat_plan_id":17,"status":0,"created_at":"2014-12-23 00:00:00","updated_at":"2015-05-07 07:29:26"},{"id":"11131417DLY0600AM1","operator_id":11,"from":13,"to":14,"class_id":17,"available_day":"Daily","price":7200,"foreign_price":0,"commission":700,"time":"06:00 AM 1","departure_time":"06:00:00","ever_close":0,"from_close_date":"0000-00-00","to_close_date":"0000-00-00","remark":"","seat_plan_id":17,"status":0,"created_at":"2014-12-23 00:00:00","updated_at":"2015-05-07 07:29:27"},{"id":"11131417DLY0800AM1","operator_id":11,"from":13,"to":14,"class_id":17,"available_day":"Daily","price":7200,"foreign_price":0,"commission":700,"time":"08:00 AM 1","departure_time":"08:00:00","ever_close":0,"from_close_date":"0000-00-00","to_close_date":"0000-00-00","remark":"","seat_plan_id":17,"status":0,"created_at":"2014-12-23 00:00:00","updated_at":"2015-05-07 07:29:27"},{"id":"11131417DLY0900AM1","operator_id":11,"from":13,"to":14,"class_id":17,"available_day":"Daily","price":7200,"foreign_price":0,"commission":700,"time":"09:00 AM 1","departure_time":"09:00:00","ever_close":0,"from_close_date":"0000-00-00","to_close_date":"0000-00-00","remark":"","seat_plan_id":17,"status":0,"created_at":"2014-12-23 00:00:00","updated_at":"2015-05-07 07:29:28"},{"id":"11131417DLY0930PM1","operator_id":11,"from":13,"to":14,"class_id":17,"available_day":"Daily","price":7200,"foreign_price":0,"commission":700,"time":"09:30 PM 1","departure_time":"21:30:00","ever_close":0,"from_close_date":"0000-00-00","to_close_date":"0000-00-00","remark":"","seat_plan_id":17,"status":0,"created_at":"2014-12-23 00:00:00","updated_at":"2015-05-07 07:29:29"},{"id":"11131417DLY1000AM1","operator_id":11,"from":13,"to":14,"class_id":17,"available_day":"Daily","price":7200,"foreign_price":0,"commission":700,"time":"10:00 AM 1","departure_time":"10:00:00","ever_close":0,"from_close_date":"0000-00-00","to_close_date":"0000-00-00","remark":"","seat_plan_id":17,"status":0,"created_at":"2014-12-23 00:00:00","updated_at":"2015-05-07 07:29:30"},{"id":"11131417DLY1000PM1","operator_id":11,"from":13,"to":14,"class_id":17,"available_day":"Daily","price":7200,"foreign_price":7200,"commission":700,"time":"10:00 PM 1","departure_time":"22:00:00","ever_close":0,"from_close_date":"0000-00-00","to_close_date":"0000-00-00","remark":"","seat_plan_id":17,"status":0,"created_at":"2014-12-23 00:00:00","updated_at":"2015-05-07 07:29:31"},{"id":"11131417DLY1000PM2","operator_id":11,"from":13,"to":14,"class_id":17,"available_day":"Daily","price":7200,"foreign_price":7200,"commission":700,"time":"10:00 PM 2","departure_time":"22:00:00","ever_close":0,"from_close_date":"0000-00-00","to_close_date":"0000-00-00","remark":"","seat_plan_id":17,"status":0,"created_at":"2014-12-23 00:00:00","updated_at":"2015-05-07 07:29:32"},{"id":"11131417DLY1100AM1","operator_id":11,"from":13,"to":14,"class_id":17,"available_day":"Daily","price":7200,"foreign_price":0,"commission":700,"time":"11:00 AM 1","departure_time":"11:00:00","ever_close":0,"from_close_date":"0000-00-00","to_close_date":"0000-00-00","remark":"","seat_plan_id":17,"status":0,"created_at":"2014-12-23 00:00:00","updated_at":"2015-05-07 07:29:32"},{"id":"11131417DLY1200AM1","operator_id":11,"from":13,"to":14,"class_id":17,"available_day":"Daily","price":7200,"foreign_price":0,"commission":700,"time":"12:00 AM 1","departure_time":"00:00:00","ever_close":0,"from_close_date":"0000-00-00","to_close_date":"0000-00-00","remark":"","seat_plan_id":17,"status":0,"created_at":"2014-12-23 00:00:00","updated_at":"2015-05-07 07:29:32"},{"id":"11131417WEK0500PM1","operator_id":11,"from":13,"to":14,"class_id":17,"available_day":"Sun","price":7200,"foreign_price":7200,"commission":500,"time":"05:00 PM 1","departure_time":"17:00:00","ever_close":0,"from_close_date":"0000-00-00","to_close_date":"0000-00-00","remark":"","seat_plan_id":17,"status":0,"created_at":"2015-01-01 04:50:35","updated_at":"2015-05-07 07:29:33"},{"id":"11131417WEK0730AM1","operator_id":11,"from":13,"to":14,"class_id":17,"available_day":"Sun","price":7200,"foreign_price":7200,"commission":500,"time":"07:30 AM 1","departure_time":"07:30:00","ever_close":0,"from_close_date":"0000-00-00","to_close_date":"0000-00-00","remark":"","seat_plan_id":17,"status":0,"created_at":"2015-01-01 04:49:00","updated_at":"2015-05-07 07:29:34"},{"id":"11131418DLY0600PM1","operator_id":11,"from":13,"to":14,"class_id":18,"available_day":"Daily","price":9000,"foreign_price":0,"commission":700,"time":"06:00 PM 1","departure_time":"18:00:00","ever_close":0,"from_close_date":"0000-00-00","to_close_date":"0000-00-00","remark":"","seat_plan_id":15,"status":0,"created_at":"2014-12-23 00:00:00","updated_at":"2015-05-07 07:29:34"},{"id":"11131418DLY0700AM1","operator_id":11,"from":13,"to":14,"class_id":18,"available_day":"Daily","price":9000,"foreign_price":0,"commission":700,"time":"07:00 AM 1","departure_time":"07:00:00","ever_close":0,"from_close_date":"0000-00-00","to_close_date":"0000-00-00","remark":"","seat_plan_id":15,"status":0,"created_at":"2014-12-23 00:00:00","updated_at":"2015-05-07 07:29:35"},{"id":"11131418DLY0800PM1","operator_id":11,"from":13,"to":14,"class_id":18,"available_day":"Daily","price":9000,"foreign_price":0,"commission":700,"time":"08:00 PM 1","departure_time":"20:00:00","ever_close":0,"from_close_date":"0000-00-00","to_close_date":"0000-00-00","remark":"","seat_plan_id":15,"status":0,"created_at":"2014-12-23 00:00:00","updated_at":"2015-05-07 07:29:36"},{"id":"11131517DAT0700AM1","operator_id":11,"from":13,"to":15,"class_id":17,"available_day":"2015-04-11","price":11700,"foreign_price":11700,"commission":700,"time":"07:00 AM 1","departure_time":"07:00:00","ever_close":0,"from_close_date":"0000-00-00","to_close_date":"0000-00-00","remark":"","seat_plan_id":17,"status":0,"created_at":"2015-03-18 13:08:59","updated_at":"2015-05-07 07:29:37"},{"id":"11131517DAT0700PM2","operator_id":11,"from":13,"to":15,"class_id":17,"available_day":"2015-03-26","price":11700,"foreign_price":11700,"commission":1000,"time":"07:00 PM 2","departure_time":"19:00:00","ever_close":0,"from_close_date":"0000-00-00","to_close_date":"0000-00-00","remark":"","seat_plan_id":17,"status":0,"created_at":"2015-03-25 03:16:19","updated_at":"2015-05-07 07:29:37"},{"id":"11131517DAT0700PM3","operator_id":11,"from":13,"to":15,"class_id":17,"available_day":"2015-04-02","price":11700,"foreign_price":11700,"commission":1000,"time":"07:00 PM 3","departure_time":"19:00:00","ever_close":0,"from_close_date":"0000-00-00","to_close_date":"0000-00-00","remark":"","seat_plan_id":17,"status":0,"created_at":"2015-04-02 03:43:32","updated_at":"2015-05-07 07:29:37"},{"id":"11131517DAT0730PM2","operator_id":11,"from":13,"to":15,"class_id":17,"available_day":"2015-02-27","price":11700,"foreign_price":11700,"commission":1000,"time":"07:30 PM 2","departure_time":"19:30:00","ever_close":0,"from_close_date":"0000-00-00","to_close_date":"0000-00-00","remark":"","seat_plan_id":17,"status":0,"created_at":"2015-02-25 09:55:56","updated_at":"2015-05-07 07:29:37"},{"id":"11131517DAT0730PM3","operator_id":11,"from":13,"to":15,"class_id":17,"available_day":"2015-02-28","price":11700,"foreign_price":11700,"commission":1000,"time":"07:30 PM 3","departure_time":"19:30:00","ever_close":0,"from_close_date":"0000-00-00","to_close_date":"0000-00-00","remark":"","seat_plan_id":17,"status":0,"created_at":"2015-02-25 09:56:36","updated_at":"2015-05-07 07:29:37"},{"id":"11131517DAT0730PM4","operator_id":11,"from":13,"to":15,"class_id":17,"available_day":"2015-03-04","price":11700,"foreign_price":11700,"commission":700,"time":"07:30 PM 4","departure_time":"19:30:00","ever_close":0,"from_close_date":"0000-00-00","to_close_date":"0000-00-00","remark":"","seat_plan_id":17,"status":0,"created_at":"2015-03-03 03:06:18","updated_at":"2015-05-07 07:29:37"},{"id":"11131517DAT0730PM5","operator_id":11,"from":13,"to":15,"class_id":17,"available_day":"2015-03-05","price":11700,"foreign_price":11700,"commission":700,"time":"07:30 PM 5","departure_time":"19:30:00","ever_close":0,"from_close_date":"0000-00-00","to_close_date":"0000-00-00","remark":"","seat_plan_id":17,"status":0,"created_at":"2015-03-03 12:44:23","updated_at":"2015-05-07 07:29:38"},{"id":"11131517DAT0730PM6","operator_id":11,"from":13,"to":15,"class_id":17,"available_day":"2015-04-22","price":11700,"foreign_price":11700,"commission":1000,"time":"07:30 PM 6","departure_time":"19:30:00","ever_close":0,"from_close_date":"0000-00-00","to_close_date":"0000-00-00","remark":"","seat_plan_id":17,"status":0,"created_at":"2015-04-20 02:54:40","updated_at":"2015-05-07 07:29:38"},{"id":"11131517DAT0730PM7","operator_id":11,"from":13,"to":15,"class_id":17,"available_day":"2015-04-25","price":11700,"foreign_price":11700,"commission":1000,"time":"07:30 PM 7","departure_time":"19:30:00","ever_close":0,"from_close_date":"0000-00-00","to_close_date":"0000-00-00","remark":"","seat_plan_id":17,"status":0,"created_at":"2015-04-24 08:57:10","updated_at":"2015-05-07 07:29:38"},{"id":"11131517DAT0730PM8","operator_id":11,"from":13,"to":15,"class_id":17,"available_day":"2015-04-30","price":11700,"foreign_price":11700,"commission":1000,"time":"07:30 PM 8","departure_time":"19:30:00","ever_close":0,"from_close_date":"0000-00-00","to_close_date":"0000-00-00","remark":"","seat_plan_id":17,"status":0,"created_at":"2015-04-25 00:54:17","updated_at":"2015-05-07 07:29:38"},{"id":"11131517DAT0730PM9","operator_id":11,"from":13,"to":15,"class_id":17,"available_day":"2015-05-03","price":11700,"foreign_price":11700,"commission":1000,"time":"07:30 PM 9","departure_time":"00:00:00","ever_close":0,"from_close_date":"0000-00-00","to_close_date":"0000-00-00","remark":"","seat_plan_id":17,"status":0,"created_at":"2015-04-30 11:26:44","updated_at":"2015-05-07 07:29:38"},{"id":"11131517DLY0700PM1","operator_id":11,"from":13,"to":15,"class_id":17,"available_day":"Daily","price":11700,"foreign_price":11700,"commission":1000,"time":"07:00 PM 1","departure_time":"19:00:00","ever_close":0,"from_close_date":"0000-00-00","to_close_date":"0000-00-00","remark":"","seat_plan_id":17,"status":0,"created_at":"2014-12-23 00:00:00","updated_at":"2015-05-07 07:29:38"},{"id":"11131517DLY0730PM1","operator_id":11,"from":13,"to":15,"class_id":17,"available_day":"Daily","price":11700,"foreign_price":0,"commission":1000,"time":"07:30 PM 1","departure_time":"19:30:00","ever_close":0,"from_close_date":"0000-00-00","to_close_date":"0000-00-00","remark":"","seat_plan_id":17,"status":0,"created_at":"2014-12-23 00:00:00","updated_at":"2015-05-07 07:29:39"},{"id":"11131519DAT0700AM1","operator_id":11,"from":13,"to":15,"class_id":19,"available_day":"2015-04-11","price":20200,"foreign_price":20200,"commission":1000,"time":"07:00 AM 1","departure_time":"07:00:00","ever_close":0,"from_close_date":"0000-00-00","to_close_date":"0000-00-00","remark":"","seat_plan_id":20,"status":0,"created_at":"2015-03-18 13:11:54","updated_at":"2015-05-07 07:29:40"},{"id":"11131519DLY0700PM1","operator_id":11,"from":13,"to":15,"class_id":19,"available_day":"Daily","price":20200,"foreign_price":0,"commission":1500,"time":"07:00 PM 1","departure_time":"19:00:00","ever_close":0,"from_close_date":"0000-00-00","to_close_date":"0000-00-00","remark":"","seat_plan_id":20,"status":0,"created_at":"2014-12-23 00:00:00","updated_at":"2015-05-07 07:29:41"},{"id":"11131717DAT0500PM1","operator_id":11,"from":13,"to":17,"class_id":17,"available_day":"2015-02-26","price":11200,"foreign_price":11200,"commission":1000,"time":"05:00 PM 1","departure_time":"17:00:00","ever_close":0,"from_close_date":"0000-00-00","to_close_date":"0000-00-00","remark":"","seat_plan_id":17,"status":0,"created_at":"2015-02-25 03:36:07","updated_at":"2015-05-07 07:29:41"},{"id":"11131718DAT0500PM2","operator_id":11,"from":13,"to":17,"class_id":18,"available_day":"2015-02-27","price":14200,"foreign_price":14200,"commission":1000,"time":"05:00 PM 2","departure_time":"17:00:00","ever_close":0,"from_close_date":"0000-00-00","to_close_date":"0000-00-00","remark":"","seat_plan_id":15,"status":0,"created_at":"2015-02-25 03:51:52","updated_at":"2015-05-07 07:29:41"},{"id":"11131718DAT0700AM1","operator_id":11,"from":13,"to":17,"class_id":18,"available_day":"2015-04-11","price":14200,"foreign_price":14200,"commission":1000,"time":"07:00 AM 1","departure_time":"07:00:00","ever_close":0,"from_close_date":"0000-00-00","to_close_date":"0000-00-00","remark":"","seat_plan_id":18,"status":0,"created_at":"2015-03-18 12:58:42","updated_at":"2015-05-07 07:29:41"},{"id":"11131718DLY0500PM1","operator_id":11,"from":13,"to":17,"class_id":18,"available_day":"Daily","price":14200,"foreign_price":0,"commission":1000,"time":"05:00 PM 1","departure_time":"17:00:00","ever_close":0,"from_close_date":"0000-00-00","to_close_date":"0000-00-00","remark":"","seat_plan_id":15,"status":0,"created_at":"2014-12-23 00:00:00","updated_at":"2015-05-07 07:29:41"},{"id":"11131718DLY0500PM3","operator_id":11,"from":13,"to":17,"class_id":18,"available_day":"Daily","price":14200,"foreign_price":14200,"commission":1000,"time":"05:00 PM 3","departure_time":"17:00:00","ever_close":0,"from_close_date":"0000-00-00","to_close_date":"0000-00-00","remark":"","seat_plan_id":15,"status":0,"created_at":"2015-03-09 07:07:35","updated_at":"2015-05-07 07:29:43"},{"id":"11131718DLY0800AM1","operator_id":11,"from":13,"to":17,"class_id":18,"available_day":"Daily","price":14200,"foreign_price":0,"commission":1000,"time":"08:00 AM 1","departure_time":"08:00:00","ever_close":0,"from_close_date":"0000-00-00","to_close_date":"0000-00-00","remark":"","seat_plan_id":15,"status":0,"created_at":"2014-12-23 00:00:00","updated_at":"2015-05-07 07:29:44"},{"id":"11131719DAT0600PM3","operator_id":11,"from":13,"to":17,"class_id":19,"available_day":"2015-04-30","price":22200,"foreign_price":22200,"commission":1000,"time":"06:00 PM 3","departure_time":"18:00:00","ever_close":0,"from_close_date":"0000-00-00","to_close_date":"0000-00-00","remark":"","seat_plan_id":19,"status":0,"created_at":"2015-04-27 11:56:38","updated_at":"2015-05-07 07:29:45"},{"id":"11131719DAT0700AM1","operator_id":11,"from":13,"to":17,"class_id":19,"available_day":"2015-04-11","price":22200,"foreign_price":22200,"commission":1000,"time":"07:00 AM 1","departure_time":"07:00:00","ever_close":0,"from_close_date":"0000-00-00","to_close_date":"0000-00-00","remark":"","seat_plan_id":19,"status":0,"created_at":"2015-03-18 13:06:12","updated_at":"2015-05-07 07:29:45"},{"id":"11131719DLY0600PM1","operator_id":11,"from":13,"to":17,"class_id":19,"available_day":"Daily","price":22200,"foreign_price":0,"commission":1500,"time":"06:00 PM 1","departure_time":"18:00:00","ever_close":0,"from_close_date":"0000-00-00","to_close_date":"0000-00-00","remark":"","seat_plan_id":19,"status":0,"created_at":"2014-12-23 00:00:00","updated_at":"2015-05-07 07:29:45"},{"id":"11131719DLY0600PM2","operator_id":11,"from":13,"to":17,"class_id":19,"available_day":"Daily","price":22200,"foreign_price":22200,"commission":1500,"time":"06:00 PM 2","departure_time":"18:00:00","ever_close":0,"from_close_date":"0000-00-00","to_close_date":"0000-00-00","remark":"","seat_plan_id":19,"status":0,"created_at":"2014-12-23 00:00:00","updated_at":"2015-05-07 07:29:46"},{"id":"11131817DAT0800PM1","operator_id":11,"from":13,"to":18,"class_id":17,"available_day":"2015-03-12","price":10700,"foreign_price":10700,"commission":1000,"time":"08:00 PM 1","departure_time":"20:00:00","ever_close":0,"from_close_date":"0000-00-00","to_close_date":"0000-00-00","remark":"","seat_plan_id":17,"status":0,"created_at":"2015-03-12 02:57:11","updated_at":"2015-05-07 07:29:47"},{"id":"11131817DAT0900PM4","operator_id":11,"from":13,"to":18,"class_id":17,"available_day":"2015-04-30","price":10700,"foreign_price":10700,"commission":1000,"time":"09:00 PM 4","departure_time":"21:00:00","ever_close":0,"from_close_date":"0000-00-00","to_close_date":"0000-00-00","remark":"","seat_plan_id":17,"status":0,"created_at":"2015-04-27 12:33:48","updated_at":"2015-05-07 07:29:47"},{"id":"11131817DAT0930PM1","operator_id":11,"from":13,"to":18,"class_id":17,"available_day":"2015-03-12","price":10700,"foreign_price":10700,"commission":1000,"time":"09:30 PM 1","departure_time":"21:30:00","ever_close":0,"from_close_date":"0000-00-00","to_close_date":"0000-00-00","remark":"","seat_plan_id":17,"status":0,"created_at":"2015-03-12 02:58:40","updated_at":"2015-05-07 07:29:47"},{"id":"11131817DAT1000PM1","operator_id":11,"from":13,"to":18,"class_id":17,"available_day":"2015-02-26","price":10700,"foreign_price":10700,"commission":500,"time":"10:00 PM 1","departure_time":"22:00:00","ever_close":0,"from_close_date":"0000-00-00","to_close_date":"0000-00-00","remark":"","seat_plan_id":17,"status":0,"created_at":"2015-02-25 13:18:24","updated_at":"2015-05-07 07:29:47"},{"id":"11131817DLY0900PM1","operator_id":11,"from":13,"to":18,"class_id":17,"available_day":"Daily","price":10700,"foreign_price":0,"commission":1000,"time":"09:00 PM 1","departure_time":"21:00:00","ever_close":0,"from_close_date":"0000-00-00","to_close_date":"0000-00-00","remark":"","seat_plan_id":17,"status":0,"created_at":"2014-12-23 00:00:00","updated_at":"2015-05-07 07:29:47"},{"id":"11131817DLY0900PM2","operator_id":11,"from":13,"to":18,"class_id":17,"available_day":"Daily","price":10700,"foreign_price":10700,"commission":1000,"time":"09:00 PM 2","departure_time":"21:00:00","ever_close":0,"from_close_date":"0000-00-00","to_close_date":"0000-00-00","remark":"","seat_plan_id":17,"status":0,"created_at":"2014-12-23 00:00:00","updated_at":"2015-05-07 07:29:48"},{"id":"11131817DLY0900PM3","operator_id":11,"from":13,"to":18,"class_id":17,"available_day":"Daily","price":10700,"foreign_price":10700,"commission":1000,"time":"09:00 PM 3","departure_time":"21:00:00","ever_close":0,"from_close_date":"0000-00-00","to_close_date":"0000-00-00","remark":"","seat_plan_id":17,"status":0,"created_at":"2014-12-23 00:00:00","updated_at":"2015-05-07 07:29:49"},{"id":"11131817DLY0930AM1","operator_id":11,"from":13,"to":18,"class_id":17,"available_day":"Daily","price":10700,"foreign_price":0,"commission":1000,"time":"09:30 AM 1","departure_time":"09:30:00","ever_close":0,"from_close_date":"0000-00-00","to_close_date":"0000-00-00","remark":"","seat_plan_id":17,"status":0,"created_at":"2014-12-23 00:00:00","updated_at":"2015-05-07 07:29:50"},{"id":"11131818DLY0930PM1","operator_id":11,"from":13,"to":18,"class_id":18,"available_day":"Daily","price":13200,"foreign_price":0,"commission":1000,"time":"09:30 PM 1","departure_time":"21:30:00","ever_close":0,"from_close_date":"0000-00-00","to_close_date":"0000-00-00","remark":"","seat_plan_id":15,"status":0,"created_at":"2014-12-23 00:00:00","updated_at":"2015-05-07 07:29:50"},{"id":"11131819DLY0830AM1","operator_id":11,"from":13,"to":18,"class_id":19,"available_day":"Daily","price":20200,"foreign_price":0,"commission":1500,"time":"08:30 AM 1","departure_time":"08:30:00","ever_close":0,"from_close_date":"0000-00-00","to_close_date":"0000-00-00","remark":"","seat_plan_id":19,"status":0,"created_at":"2014-12-23 00:00:00","updated_at":"2015-05-07 07:29:51"},{"id":"11131819DLY0900PM1","operator_id":11,"from":13,"to":18,"class_id":19,"available_day":"Daily","price":20200,"foreign_price":0,"commission":1500,"time":"09:00 PM 1","departure_time":"21:00:00","ever_close":0,"from_close_date":"0000-00-00","to_close_date":"0000-00-00","remark":"","seat_plan_id":19,"status":0,"created_at":"2014-12-23 00:00:00","updated_at":"2015-05-07 07:29:52"},{"id":"11131819DLY0900PM2","operator_id":11,"from":13,"to":18,"class_id":19,"available_day":"Daily","price":20200,"foreign_price":20200,"commission":1500,"time":"09:00 PM 2","departure_time":"21:00:00","ever_close":0,"from_close_date":"0000-00-00","to_close_date":"0000-00-00","remark":"","seat_plan_id":19,"status":0,"created_at":"2014-12-23 00:00:00","updated_at":"2015-05-07 07:29:53"},{"id":"11131819DLY0900PM3","operator_id":11,"from":13,"to":18,"class_id":19,"available_day":"Daily","price":20200,"foreign_price":20200,"commission":1500,"time":"09:00 PM 3","departure_time":"21:00:00","ever_close":0,"from_close_date":"0000-00-00","to_close_date":"0000-00-00","remark":"","seat_plan_id":19,"status":0,"created_at":"2014-12-23 00:00:00","updated_at":"2015-05-07 07:29:53"},{"id":"11131819DLY1030PM1","operator_id":11,"from":13,"to":18,"class_id":19,"available_day":"Daily","price":20200,"foreign_price":0,"commission":1500,"time":"10:30 PM 1","departure_time":"22:30:00","ever_close":0,"from_close_date":"0000-00-00","to_close_date":"0000-00-00","remark":"","seat_plan_id":19,"status":0,"created_at":"2014-12-23 00:00:00","updated_at":"2015-05-07 07:29:54"},{"id":"11131819DLY1030PM2","operator_id":11,"from":13,"to":18,"class_id":19,"available_day":"Daily","price":20200,"foreign_price":20200,"commission":1500,"time":"10:30 PM 2","departure_time":"22:30:00","ever_close":0,"from_close_date":"0000-00-00","to_close_date":"0000-00-00","remark":"","seat_plan_id":19,"status":0,"created_at":"2014-12-23 00:00:00","updated_at":"2015-05-07 07:29:55"},{"id":"11132118DAT0700AM1","operator_id":11,"from":13,"to":21,"class_id":18,"available_day":"2015-03-11","price":14200,"foreign_price":14200,"commission":1000,"time":"07:00 AM 1","departure_time":"07:00:00","ever_close":0,"from_close_date":"0000-00-00","to_close_date":"0000-00-00","remark":"","seat_plan_id":18,"status":0,"created_at":"2015-03-19 02:33:05","updated_at":"2015-05-07 07:29:56"},{"id":"11132118DAT0700AM2","operator_id":11,"from":13,"to":21,"class_id":18,"available_day":"2015-04-11","price":14200,"foreign_price":14200,"commission":1000,"time":"07:00 AM 2","departure_time":"07:00:00","ever_close":0,"from_close_date":"0000-00-00","to_close_date":"0000-00-00","remark":"","seat_plan_id":18,"status":0,"created_at":"2015-03-19 02:36:00","updated_at":"2015-05-07 07:29:56"},{"id":"11132118DAT0700AM3","operator_id":11,"from":13,"to":21,"class_id":18,"available_day":"2015-04-11","price":14200,"foreign_price":14200,"commission":1000,"time":"07:00 AM 3","departure_time":"07:00:00","ever_close":0,"from_close_date":"0000-00-00","to_close_date":"0000-00-00","remark":"","seat_plan_id":18,"status":0,"created_at":"2015-03-19 02:37:12","updated_at":"2015-05-07 07:29:56"},{"id":"11132118DAT1000PM1","operator_id":11,"from":13,"to":21,"class_id":18,"available_day":"2015-02-11","price":14200,"foreign_price":14200,"commission":1000,"time":"10:00 PM 1","departure_time":"22:00:00","ever_close":0,"from_close_date":"0000-00-00","to_close_date":"0000-00-00","remark":"","seat_plan_id":18,"status":0,"created_at":"2015-02-10 07:31:04","updated_at":"2015-05-07 07:29:56"},{"id":"11132118DAT1000PM2","operator_id":11,"from":13,"to":21,"class_id":18,"available_day":"2015-02-27","price":14200,"foreign_price":14200,"commission":1000,"time":"10:00 PM 2","departure_time":"22:00:00","ever_close":0,"from_close_date":"0000-00-00","to_close_date":"0000-00-00","remark":"","seat_plan_id":15,"status":0,"created_at":"2015-02-24 03:53:10","updated_at":"2015-05-07 07:29:56"},{"id":"11132118DAT1000PM3","operator_id":11,"from":13,"to":21,"class_id":18,"available_day":"2015-02-28","price":14200,"foreign_price":14200,"commission":1000,"time":"10:00 PM 3","departure_time":"22:00:00","ever_close":0,"from_close_date":"0000-00-00","to_close_date":"0000-00-00","remark":"","seat_plan_id":15,"status":0,"created_at":"2015-02-25 07:56:43","updated_at":"2015-05-07 07:29:56"},{"id":"11132118DAT1000PM4","operator_id":11,"from":13,"to":21,"class_id":18,"available_day":"2015-03-13","price":14200,"foreign_price":14200,"commission":1000,"time":"10:00 PM 4","departure_time":"22:00:00","ever_close":0,"from_close_date":"0000-00-00","to_close_date":"0000-00-00","remark":"","seat_plan_id":15,"status":0,"created_at":"2015-03-13 03:37:45","updated_at":"2015-05-07 07:29:56"},{"id":"11132118DAT1000PM5","operator_id":11,"from":13,"to":21,"class_id":18,"available_day":"2015-04-30","price":14200,"foreign_price":14200,"commission":700,"time":"10:00 PM 5","departure_time":"22:00:00","ever_close":0,"from_close_date":"0000-00-00","to_close_date":"0000-00-00","remark":"","seat_plan_id":18,"status":0,"created_at":"2015-04-28 02:02:19","updated_at":"2015-05-07 07:29:56"},{"id":"11132118DAT1000PM6","operator_id":11,"from":13,"to":21,"class_id":18,"available_day":"2015-04-30","price":14200,"foreign_price":14200,"commission":700,"time":"10:00 PM 6","departure_time":"22:00:00","ever_close":0,"from_close_date":"0000-00-00","to_close_date":"0000-00-00","remark":"","seat_plan_id":18,"status":0,"created_at":"2015-04-28 02:02:22","updated_at":"2015-05-07 07:29:56"},{"id":"11132118DLY0800AM1","operator_id":11,"from":13,"to":21,"class_id":18,"available_day":"Daily","price":14200,"foreign_price":14200,"commission":1000,"time":"08:00 AM 1","departure_time":"08:00:00","ever_close":0,"from_close_date":"0000-00-00","to_close_date":"0000-00-00","remark":"","seat_plan_id":18,"status":0,"created_at":"2014-12-23 00:00:00","updated_at":"2015-05-07 07:29:57"},{"id":"11132118DLY0930PM1","operator_id":11,"from":13,"to":21,"class_id":18,"available_day":"Daily","price":14200,"foreign_price":0,"commission":1000,"time":"09:30 PM 1","departure_time":"21:30:00","ever_close":0,"from_close_date":"0000-00-00","to_close_date":"0000-00-00","remark":"","seat_plan_id":18,"status":0,"created_at":"2014-12-23 00:00:00","updated_at":"2015-05-07 07:29:57"},{"id":"11132118DLY0930PM2","operator_id":11,"from":13,"to":21,"class_id":18,"available_day":"Daily","price":14200,"foreign_price":14200,"commission":1000,"time":"09:30 PM 2","departure_time":"21:30:00","ever_close":0,"from_close_date":"0000-00-00","to_close_date":"0000-00-00","remark":"","seat_plan_id":18,"status":0,"created_at":"2014-12-23 00:00:00","updated_at":"2015-05-07 07:29:58"},{"id":"11132217DAT1030AM1","operator_id":11,"from":13,"to":22,"class_id":17,"available_day":"2015-04-11","price":7200,"foreign_price":7200,"commission":700,"time":"10:30 AM 1","departure_time":"10:30:00","ever_close":0,"from_close_date":"0000-00-00","to_close_date":"0000-00-00","remark":"","seat_plan_id":17,"status":0,"created_at":"2015-03-18 13:14:45","updated_at":"2015-05-07 07:29:59"},{"id":"11132217DLY0830AM1","operator_id":11,"from":13,"to":22,"class_id":17,"available_day":"Daily","price":7200,"foreign_price":7200,"commission":500,"time":"08:30 AM 1","departure_time":"08:30:00","ever_close":0,"from_close_date":"0000-00-00","to_close_date":"0000-00-00","remark":"","seat_plan_id":26,"status":0,"created_at":"2014-12-23 00:00:00","updated_at":"2015-05-07 07:29:59"},{"id":"11132217DLY1000PM1","operator_id":11,"from":13,"to":22,"class_id":17,"available_day":"Daily","price":7200,"foreign_price":7200,"commission":500,"time":"10:00 PM 1","departure_time":"22:00:00","ever_close":0,"from_close_date":"0000-00-00","to_close_date":"0000-00-00","remark":"","seat_plan_id":17,"status":0,"created_at":"2015-02-10 07:26:47","updated_at":"2015-05-07 07:30:00"},{"id":"11132217DLY1000PM2","operator_id":11,"from":13,"to":22,"class_id":17,"available_day":"Daily","price":7200,"foreign_price":7200,"commission":500,"time":"10:00 PM 2","departure_time":"22:00:00","ever_close":0,"from_close_date":"0000-00-00","to_close_date":"0000-00-00","remark":"","seat_plan_id":17,"status":0,"created_at":"2015-02-10 07:28:22","updated_at":"2015-05-07 07:30:01"},{"id":"11132217DLY1230PM1","operator_id":11,"from":13,"to":22,"class_id":17,"available_day":"Daily","price":7200,"foreign_price":7200,"commission":500,"time":"12:30 PM 1","departure_time":"12:30:00","ever_close":0,"from_close_date":"0000-00-00","to_close_date":"0000-00-00","remark":"","seat_plan_id":26,"status":0,"created_at":"2014-12-23 00:00:00","updated_at":"2015-05-07 07:30:02"},{"id":"11132717DAT0630PM2","operator_id":11,"from":13,"to":27,"class_id":17,"available_day":"2015-04-11","price":12700,"foreign_price":12700,"commission":700,"time":"06:30 PM 2","departure_time":"18:30:00","ever_close":0,"from_close_date":"0000-00-00","to_close_date":"0000-00-00","remark":"","seat_plan_id":17,"status":0,"created_at":"2015-03-18 10:42:31","updated_at":"2015-05-07 07:30:02"},{"id":"11132717DAT0630PM3","operator_id":11,"from":13,"to":27,"class_id":17,"available_day":"2015-04-11","price":12700,"foreign_price":12700,"commission":700,"time":"06:30 PM 3","departure_time":"18:30:00","ever_close":0,"from_close_date":"0000-00-00","to_close_date":"0000-00-00","remark":"","seat_plan_id":17,"status":0,"created_at":"2015-03-18 10:45:36","updated_at":"2015-05-07 07:30:02"},{"id":"11132717DAT0830PM3","operator_id":11,"from":13,"to":27,"class_id":17,"available_day":"2015-03-26","price":12700,"foreign_price":12700,"commission":1000,"time":"08:30 PM 3","departure_time":"20:30:00","ever_close":0,"from_close_date":"0000-00-00","to_close_date":"0000-00-00","remark":"","seat_plan_id":17,"status":0,"created_at":"2015-03-25 03:18:12","updated_at":"2015-05-07 07:30:02"},{"id":"11132717DAT0830PM4","operator_id":11,"from":13,"to":27,"class_id":17,"available_day":"","price":12700,"foreign_price":12700,"commission":700,"time":"08:30 PM 4","departure_time":"20:30:00","ever_close":0,"from_close_date":"0000-00-00","to_close_date":"0000-00-00","remark":"","seat_plan_id":17,"status":0,"created_at":"2015-04-08 06:14:42","updated_at":"2015-05-07 07:30:02"},{"id":"11132717DAT0830PM5","operator_id":11,"from":13,"to":27,"class_id":17,"available_day":"2015-04-09","price":12700,"foreign_price":12700,"commission":700,"time":"08:30 PM 5","departure_time":"20:30:00","ever_close":0,"from_close_date":"0000-00-00","to_close_date":"0000-00-00","remark":"","seat_plan_id":17,"status":0,"created_at":"2015-04-08 06:16:54","updated_at":"2015-05-07 07:30:02"},{"id":"11132717DLY0630PM1","operator_id":11,"from":13,"to":27,"class_id":17,"available_day":"Daily","price":12700,"foreign_price":0,"commission":1000,"time":"06:30 PM 1","departure_time":"18:30:00","ever_close":0,"from_close_date":"0000-00-00","to_close_date":"0000-00-00","remark":"","seat_plan_id":17,"status":0,"created_at":"2014-12-23 00:00:00","updated_at":"2015-05-07 07:30:02"},{"id":"11132717DLY0830PM1","operator_id":11,"from":13,"to":27,"class_id":17,"available_day":"Daily","price":12700,"foreign_price":0,"commission":1000,"time":"08:30 PM 1","departure_time":"20:30:00","ever_close":0,"from_close_date":"0000-00-00","to_close_date":"0000-00-00","remark":"","seat_plan_id":17,"status":0,"created_at":"2014-12-23 00:00:00","updated_at":"2015-05-07 07:30:03"},{"id":"11132717DLY0830PM2","operator_id":11,"from":13,"to":27,"class_id":17,"available_day":"Daily","price":12700,"foreign_price":12700,"commission":1000,"time":"08:30 PM 2","departure_time":"20:30:00","ever_close":0,"from_close_date":"0000-00-00","to_close_date":"0000-00-00","remark":"","seat_plan_id":17,"status":0,"created_at":"2014-12-23 00:00:00","updated_at":"2015-05-07 07:30:04"},{"id":"11132817DAT0100PM1","operator_id":11,"from":13,"to":28,"class_id":17,"available_day":"2015-05-13","price":1200,"foreign_price":1200,"commission":500,"time":"01:00 PM 1","departure_time":"00:00:00","ever_close":0,"from_close_date":"0000-00-00","to_close_date":"0000-00-00","remark":"","seat_plan_id":17,"status":0,"created_at":"2015-05-11 06:32:33","updated_at":"2015-05-11 06:32:33"},{"id":"11141317DLY0100PM1","operator_id":11,"from":14,"to":13,"class_id":17,"available_day":"Daily","price":7200,"foreign_price":7200,"commission":700,"time":"01:00 PM 1","departure_time":"13:00:00","ever_close":0,"from_close_date":"0000-00-00","to_close_date":"0000-00-00","remark":"","seat_plan_id":17,"status":0,"created_at":"2014-12-23 00:00:00","updated_at":"2015-05-07 07:30:05"},{"id":"11141317DLY0200PM1","operator_id":11,"from":14,"to":13,"class_id":17,"available_day":"Daily","price":7200,"foreign_price":7200,"commission":700,"time":"02:00 PM 1","departure_time":"14:00:00","ever_close":0,"from_close_date":"0000-00-00","to_close_date":"0000-00-00","remark":"","seat_plan_id":17,"status":0,"created_at":"2014-12-23 00:00:00","updated_at":"2015-05-07 07:30:05"},{"id":"11141317DLY0300PM1","operator_id":11,"from":14,"to":13,"class_id":17,"available_day":"Daily","price":7200,"foreign_price":7200,"commission":700,"time":"03:00 PM 1","departure_time":"15:00:00","ever_close":0,"from_close_date":"0000-00-00","to_close_date":"0000-00-00","remark":"","seat_plan_id":17,"status":0,"created_at":"2014-12-23 00:00:00","updated_at":"2015-05-07 07:30:05"},{"id":"11141317DLY0500PM1","operator_id":11,"from":14,"to":13,"class_id":17,"available_day":"Daily","price":7200,"foreign_price":7200,"commission":700,"time":"05:00 PM 1","departure_time":"17:00:00","ever_close":0,"from_close_date":"0000-00-00","to_close_date":"0000-00-00","remark":"","seat_plan_id":17,"status":0,"created_at":"2014-12-23 00:00:00","updated_at":"2015-05-07 07:30:05"},{"id":"11141317DLY0600PM1","operator_id":11,"from":14,"to":13,"class_id":17,"available_day":"Daily","price":7200,"foreign_price":7200,"commission":700,"time":"06:00 PM 1","departure_time":"18:00:00","ever_close":0,"from_close_date":"0000-00-00","to_close_date":"0000-00-00","remark":"","seat_plan_id":17,"status":0,"created_at":"2014-12-23 00:00:00","updated_at":"2015-05-07 07:30:05"},{"id":"11141317DLY0630AM1","operator_id":11,"from":14,"to":13,"class_id":17,"available_day":"Daily","price":7200,"foreign_price":7200,"commission":700,"time":"06:30 AM 1","departure_time":"06:30:00","ever_close":0,"from_close_date":"0000-00-00","to_close_date":"0000-00-00","remark":"","seat_plan_id":17,"status":0,"created_at":"2014-12-23 00:00:00","updated_at":"2015-05-07 07:30:05"},{"id":"11141317DLY0830AM1","operator_id":11,"from":14,"to":13,"class_id":17,"available_day":"Daily","price":7200,"foreign_price":7200,"commission":700,"time":"08:30 AM 1","departure_time":"08:30:00","ever_close":0,"from_close_date":"0000-00-00","to_close_date":"0000-00-00","remark":"","seat_plan_id":17,"status":0,"created_at":"2014-12-23 00:00:00","updated_at":"2015-05-07 07:30:05"},{"id":"11141317DLY0930PM1","operator_id":11,"from":14,"to":13,"class_id":17,"available_day":"Daily","price":7200,"foreign_price":7200,"commission":700,"time":"09:30 PM 1","departure_time":"21:30:00","ever_close":0,"from_close_date":"0000-00-00","to_close_date":"0000-00-00","remark":"","seat_plan_id":17,"status":0,"created_at":"2014-12-23 00:00:00","updated_at":"2015-05-07 07:30:05"},{"id":"11141317DLY0930PM2","operator_id":11,"from":14,"to":13,"class_id":17,"available_day":"Daily","price":7200,"foreign_price":7200,"commission":700,"time":"09:30 PM 2","departure_time":"21:30:00","ever_close":0,"from_close_date":"0000-00-00","to_close_date":"0000-00-00","remark":"","seat_plan_id":17,"status":0,"created_at":"2014-12-23 00:00:00","updated_at":"2015-05-07 07:30:05"},{"id":"11141317DLY1000PM1","operator_id":11,"from":14,"to":13,"class_id":17,"available_day":"Daily","price":7200,"foreign_price":7200,"commission":700,"time":"10:00 PM 1","departure_time":"22:00:00","ever_close":0,"from_close_date":"0000-00-00","to_close_date":"0000-00-00","remark":"","seat_plan_id":17,"status":0,"created_at":"2014-12-23 00:00:00","updated_at":"2015-05-07 07:30:05"},{"id":"11141317DLY1000PM2","operator_id":11,"from":14,"to":13,"class_id":17,"available_day":"Daily","price":7200,"foreign_price":7200,"commission":700,"time":"10:00 PM 2","departure_time":"22:00:00","ever_close":0,"from_close_date":"0000-00-00","to_close_date":"0000-00-00","remark":"","seat_plan_id":17,"status":0,"created_at":"2014-12-23 00:00:00","updated_at":"2015-05-07 07:30:05"},{"id":"11141317DLY1200AM1","operator_id":11,"from":14,"to":13,"class_id":17,"available_day":"Daily","price":7200,"foreign_price":7200,"commission":700,"time":"12:00 AM 1","departure_time":"00:00:00","ever_close":0,"from_close_date":"0000-00-00","to_close_date":"0000-00-00","remark":"","seat_plan_id":17,"status":0,"created_at":"2014-12-23 00:00:00","updated_at":"2015-05-07 07:30:05"},{"id":"11141318DLY0500PM2","operator_id":11,"from":14,"to":13,"class_id":18,"available_day":"Daily","price":9000,"foreign_price":9000,"commission":700,"time":"05:00 PM 2","departure_time":"17:00:00","ever_close":0,"from_close_date":"0000-00-00","to_close_date":"0000-00-00","remark":"","seat_plan_id":15,"status":0,"created_at":"2014-12-23 00:00:00","updated_at":"2015-05-07 07:30:05"},{"id":"11141318DLY0730AM1","operator_id":11,"from":14,"to":13,"class_id":18,"available_day":"Daily","price":9000,"foreign_price":9000,"commission":700,"time":"07:30 AM 1","departure_time":"07:30:00","ever_close":0,"from_close_date":"0000-00-00","to_close_date":"0000-00-00","remark":"","seat_plan_id":15,"status":0,"created_at":"2014-12-23 00:00:00","updated_at":"2015-05-07 07:30:05"},{"id":"11141318DLY1000AM1","operator_id":11,"from":14,"to":13,"class_id":18,"available_day":"Daily","price":9000,"foreign_price":9000,"commission":700,"time":"10:00 AM 1","departure_time":"10:00:00","ever_close":0,"from_close_date":"0000-00-00","to_close_date":"0000-00-00","remark":"","seat_plan_id":15,"status":0,"created_at":"2014-12-23 00:00:00","updated_at":"2015-05-07 07:30:05"},{"id":"11151317DLY0600PM1","operator_id":11,"from":15,"to":13,"class_id":17,"available_day":"Daily","price":11700,"foreign_price":11700,"commission":1000,"time":"06:00 PM 1","departure_time":"18:00:00","ever_close":0,"from_close_date":"0000-00-00","to_close_date":"0000-00-00","remark":"","seat_plan_id":17,"status":0,"created_at":"2014-12-23 00:00:00","updated_at":"2015-05-07 07:30:05"},{"id":"11151317DLY0630PM1","operator_id":11,"from":15,"to":13,"class_id":17,"available_day":"Daily","price":11700,"foreign_price":11700,"commission":1000,"time":"06:30 PM 1","departure_time":"18:30:00","ever_close":0,"from_close_date":"0000-00-00","to_close_date":"0000-00-00","remark":"","seat_plan_id":17,"status":0,"created_at":"2014-12-23 00:00:00","updated_at":"2015-05-07 07:30:05"},{"id":"11151319DLY0600PM1","operator_id":11,"from":15,"to":13,"class_id":19,"available_day":"Daily","price":20200,"foreign_price":20200,"commission":1500,"time":"06:00 PM 1","departure_time":"18:00:00","ever_close":0,"from_close_date":"0000-00-00","to_close_date":"0000-00-00","remark":"","seat_plan_id":20,"status":0,"created_at":"2014-12-23 00:00:00","updated_at":"2015-05-07 07:30:05"},{"id":"11171318DLY0400PM1","operator_id":11,"from":17,"to":13,"class_id":18,"available_day":"Daily","price":14200,"foreign_price":14200,"commission":1000,"time":"04:00 PM 1","departure_time":"16:00:00","ever_close":0,"from_close_date":"0000-00-00","to_close_date":"0000-00-00","remark":"","seat_plan_id":15,"status":0,"created_at":"2014-12-23 00:00:00","updated_at":"2015-05-07 07:30:06"},{"id":"11171318DLY0800AM1","operator_id":11,"from":17,"to":13,"class_id":18,"available_day":"Daily","price":14200,"foreign_price":14200,"commission":1000,"time":"08:00 AM 1","departure_time":"08:00:00","ever_close":0,"from_close_date":"0000-00-00","to_close_date":"0000-00-00","remark":"","seat_plan_id":15,"status":0,"created_at":"2014-12-23 00:00:00","updated_at":"2015-05-07 07:30:06"},{"id":"11171319DLY0500PM1","operator_id":11,"from":17,"to":13,"class_id":19,"available_day":"Daily","price":22200,"foreign_price":22200,"commission":1500,"time":"05:00 PM 1","departure_time":"17:00:00","ever_close":0,"from_close_date":"0000-00-00","to_close_date":"0000-00-00","remark":"","seat_plan_id":19,"status":0,"created_at":"2014-12-23 00:00:00","updated_at":"2015-05-07 07:30:06"},{"id":"11171319DLY0500PM2","operator_id":11,"from":17,"to":13,"class_id":19,"available_day":"Daily","price":22200,"foreign_price":22200,"commission":1500,"time":"05:00 PM 2","departure_time":"17:00:00","ever_close":0,"from_close_date":"0000-00-00","to_close_date":"0000-00-00","remark":"","seat_plan_id":19,"status":0,"created_at":"2014-12-23 00:00:00","updated_at":"2015-05-07 07:30:06"},{"id":"11181317DLY0900AM1","operator_id":11,"from":18,"to":13,"class_id":17,"available_day":"Daily","price":10700,"foreign_price":10700,"commission":1000,"time":"09:00 AM 1","departure_time":"09:00:00","ever_close":0,"from_close_date":"0000-00-00","to_close_date":"0000-00-00","remark":"","seat_plan_id":17,"status":0,"created_at":"2014-12-23 00:00:00","updated_at":"2015-05-07 07:30:06"},{"id":"11181317DLY0930PM1","operator_id":11,"from":18,"to":13,"class_id":17,"available_day":"Daily","price":10700,"foreign_price":10700,"commission":1000,"time":"09:30 PM 1","departure_time":"21:30:00","ever_close":0,"from_close_date":"0000-00-00","to_close_date":"0000-00-00","remark":"","seat_plan_id":17,"status":0,"created_at":"2014-12-23 00:00:00","updated_at":"2015-05-07 07:30:06"},{"id":"11181317DLY0930PM2","operator_id":11,"from":18,"to":13,"class_id":17,"available_day":"Daily","price":10700,"foreign_price":10700,"commission":1000,"time":"09:30 PM 2","departure_time":"21:30:00","ever_close":0,"from_close_date":"0000-00-00","to_close_date":"0000-00-00","remark":"","seat_plan_id":17,"status":0,"created_at":"2014-12-23 00:00:00","updated_at":"2015-05-07 07:30:06"},{"id":"11181318DLY1000PM1","operator_id":11,"from":18,"to":13,"class_id":18,"available_day":"Daily","price":13200,"foreign_price":13200,"commission":1000,"time":"10:00 PM 1","departure_time":"22:00:00","ever_close":0,"from_close_date":"0000-00-00","to_close_date":"0000-00-00","remark":"","seat_plan_id":15,"status":0,"created_at":"2014-12-23 00:00:00","updated_at":"2015-05-07 07:30:06"},{"id":"11181319DLY0830PM1","operator_id":11,"from":18,"to":13,"class_id":19,"available_day":"Daily","price":20200,"foreign_price":20200,"commission":1500,"time":"08:30 PM 1","departure_time":"20:30:00","ever_close":0,"from_close_date":"0000-00-00","to_close_date":"0000-00-00","remark":"","seat_plan_id":19,"status":0,"created_at":"2014-12-23 00:00:00","updated_at":"2015-05-07 07:30:06"},{"id":"11181319DLY0900AM1","operator_id":11,"from":18,"to":13,"class_id":19,"available_day":"Daily","price":20200,"foreign_price":20200,"commission":1500,"time":"09:00 AM 1","departure_time":"09:00:00","ever_close":0,"from_close_date":"0000-00-00","to_close_date":"0000-00-00","remark":"","seat_plan_id":19,"status":0,"created_at":"2014-12-23 00:00:00","updated_at":"2015-05-07 07:30:06"},{"id":"11181319DLY0930PM1","operator_id":11,"from":18,"to":13,"class_id":19,"available_day":"Daily","price":20200,"foreign_price":20200,"commission":1500,"time":"09:30 PM 1","departure_time":"21:30:00","ever_close":0,"from_close_date":"0000-00-00","to_close_date":"0000-00-00","remark":"","seat_plan_id":19,"status":0,"created_at":"2014-12-23 00:00:00","updated_at":"2015-05-07 07:30:06"},{"id":"11181319DLY0930PM2","operator_id":11,"from":18,"to":13,"class_id":19,"available_day":"Daily","price":20200,"foreign_price":20200,"commission":1500,"time":"09:30 PM 2","departure_time":"21:30:00","ever_close":0,"from_close_date":"0000-00-00","to_close_date":"0000-00-00","remark":"","seat_plan_id":19,"status":0,"created_at":"2014-12-23 00:00:00","updated_at":"2015-05-07 07:30:06"},{"id":"11181319DLY1030PM1","operator_id":11,"from":18,"to":13,"class_id":19,"available_day":"Daily","price":20200,"foreign_price":20200,"commission":1500,"time":"10:30 PM 1","departure_time":"22:30:00","ever_close":0,"from_close_date":"0000-00-00","to_close_date":"0000-00-00","remark":"","seat_plan_id":19,"status":0,"created_at":"2014-12-23 00:00:00","updated_at":"2015-05-07 07:30:06"},{"id":"11181319DLY1030PM2","operator_id":11,"from":18,"to":13,"class_id":19,"available_day":"Daily","price":20200,"foreign_price":20200,"commission":1500,"time":"10:30 PM 2","departure_time":"22:30:00","ever_close":0,"from_close_date":"0000-00-00","to_close_date":"0000-00-00","remark":"","seat_plan_id":19,"status":0,"created_at":"2014-12-23 00:00:00","updated_at":"2015-05-07 07:30:06"},{"id":"11211318DLY0830PM1","operator_id":11,"from":21,"to":13,"class_id":18,"available_day":"Daily","price":14200,"foreign_price":14200,"commission":1000,"time":"08:30 PM 1","departure_time":"20:30:00","ever_close":0,"from_close_date":"0000-00-00","to_close_date":"0000-00-00","remark":"","seat_plan_id":18,"status":0,"created_at":"2014-12-23 00:00:00","updated_at":"2015-05-07 07:30:06"},{"id":"11211318DLY0830PM2","operator_id":11,"from":21,"to":13,"class_id":18,"available_day":"Daily","price":14200,"foreign_price":14200,"commission":1000,"time":"08:30 PM 2","departure_time":"20:30:00","ever_close":0,"from_close_date":"0000-00-00","to_close_date":"0000-00-00","remark":"","seat_plan_id":18,"status":0,"created_at":"2014-12-23 00:00:00","updated_at":"2015-05-07 07:30:06"},{"id":"11211318DLY0900AM1","operator_id":11,"from":21,"to":13,"class_id":18,"available_day":"Daily","price":14200,"foreign_price":14200,"commission":1000,"time":"09:00 AM 1","departure_time":"09:00:00","ever_close":0,"from_close_date":"0000-00-00","to_close_date":"0000-00-00","remark":"","seat_plan_id":18,"status":0,"created_at":"2014-12-23 00:00:00","updated_at":"2015-05-07 07:30:06"},{"id":"11221317DLY0100PM1","operator_id":11,"from":22,"to":13,"class_id":17,"available_day":"Daily","price":7200,"foreign_price":7200,"commission":500,"time":"01:00 PM 1","departure_time":"13:00:00","ever_close":0,"from_close_date":"0000-00-00","to_close_date":"0000-00-00","remark":"","seat_plan_id":26,"status":0,"created_at":"2014-12-23 00:00:00","updated_at":"2015-05-07 07:30:06"},{"id":"11221317DLY0830AM1","operator_id":11,"from":22,"to":13,"class_id":17,"available_day":"Daily","price":7200,"foreign_price":7200,"commission":500,"time":"08:30 AM 1","departure_time":"08:30:00","ever_close":0,"from_close_date":"0000-00-00","to_close_date":"0000-00-00","remark":"","seat_plan_id":26,"status":0,"created_at":"2014-12-23 00:00:00","updated_at":"2015-05-07 07:30:06"},{"id":"11221317DLY0930PM1","operator_id":11,"from":22,"to":13,"class_id":17,"available_day":"Daily","price":7200,"foreign_price":7200,"commission":500,"time":"09:30 PM 1","departure_time":"21:30:00","ever_close":0,"from_close_date":"0000-00-00","to_close_date":"0000-00-00","remark":"","seat_plan_id":26,"status":0,"created_at":"2014-12-23 00:00:00","updated_at":"2015-05-07 07:30:06"},{"id":"11271317DLY0700AM1","operator_id":11,"from":27,"to":13,"class_id":17,"available_day":"Daily","price":12700,"foreign_price":12700,"commission":1000,"time":"07:00 AM 1","departure_time":"07:00:00","ever_close":0,"from_close_date":"0000-00-00","to_close_date":"0000-00-00","remark":"","seat_plan_id":17,"status":0,"created_at":"2014-12-23 00:00:00","updated_at":"2015-05-07 07:30:07"},{"id":"11271317DLY0800PM1","operator_id":11,"from":27,"to":13,"class_id":17,"available_day":"Daily","price":12700,"foreign_price":12700,"commission":1000,"time":"08:00 PM 1","departure_time":"20:00:00","ever_close":0,"from_close_date":"0000-00-00","to_close_date":"0000-00-00","remark":"","seat_plan_id":17,"status":0,"created_at":"2014-12-23 00:00:00","updated_at":"2015-05-07 07:30:07"}]