[{"id":"13","name":"Yangon","created_at":"2014-12-23 00:00:00","updated_at":"2014-12-23 00:00:00"},{"id":"14","name":"Nay Pyi Taw","created_at":"2014-12-23 00:00:00","updated_at":"2014-12-23 00:00:00"},{"id":"15","name":"Pyin Oo Lwin","created_at":"2014-12-23 00:00:00","updated_at":"2014-12-23 00:00:00"},{"id":"16","name":"Tap Kone","created_at":"2014-12-23 00:00:00","updated_at":"2014-12-23 00:00:00"},{"id":"17","name":"Taungyi","created_at":"2014-12-23 00:00:00","updated_at":"2014-12-23 00:00:00"},{"id":"18","name":"Mandalay","created_at":"2014-12-23 00:00:00","updated_at":"2014-12-23 00:00:00"},{"id":"19","name":"Meikhtilar","created_at":"2014-12-23 00:00:00","updated_at":"2014-12-23 00:00:00"},{"id":"20","name":"Kyoutpataung","created_at":"2014-12-23 00:00:00","updated_at":"2014-12-23 00:00:00"},{"id":"21","name":"Bagan-Nyung Oo","created_at":"2014-12-23 00:00:00","updated_at":"2014-12-23 00:00:00"},{"id":"22","name":"Mawlamyain","created_at":"2014-12-23 00:00:00","updated_at":"2014-12-23 00:00:00"},{"id":"23","name":"Mudong","created_at":"2014-12-23 00:00:00","updated_at":"2014-12-23 00:00:00"},{"id":"24","name":"Thanbyuzayet","created_at":"2014-12-23 00:00:00","updated_at":"2014-12-23 00:00:00"},{"id":"25","name":"Myingyan","created_at":"2014-12-23 00:00:00","updated_at":"2014-12-23 00:00:00"},{"id":"26","name":"Magwey","created_at":"2014-12-23 00:00:00","updated_at":"2014-12-23 00:00:00"},{"id":"27","name":"Mon Ywa","created_at":"2014-12-23 00:00:00","updated_at":"2014-12-23 00:00:00"},{"id":"28","name":"Maubin","created_at":"2014-12-23 00:00:00","updated_at":"2014-12-23 00:00:00"},{"id":"29","name":"\u101e\u1036\u103b\u1016\u1034 \u1007\u101b\u1015\u1039","created_at":"2014-12-23 00:00:00","updated_at":"2014-12-23 00:00:00"},{"id":"30","name":"\u1015\u1001\u102f\u1000\u1060\u1034","created_at":"2014-12-23 00:00:00","updated_at":"2014-12-23 00:00:00"}]