[{"id":"00110400001505","orderdate":"2015-05-12","departure_date":"2015-05-12","booking_expired":"2015-05-12 05:50:00","device_id":"*$2y$10$xdRfvAsTfApqMmlIIP6lKuGLvuDPBfphrck3Q3l7mHU9x9CMM4Mt2","reference_no":"","agent_id":0,"agent_code":"","name":"saw","nrc_no":"","phone":"09342342","operator_id":11,"cash_credit":2,"booking":0,"total_amount":86400,"agent_commission":12000,"user_id":28,"nationality":"local","remark_type":0,"remark":"","created_at":"2015-05-12 09:31:29","updated_at":"2015-05-12 09:32:08","expired_at":"2015-05-12 16:16:29","saleitems":[{"id":86055,"order_id":"00110400001505","device_id":"*$2y$10$xdRfvAsTfApqMmlIIP6lKuGLvuDPBfphrck3Q3l7mHU9x9CMM4Mt2","ticket_no":"44456","seat_no":"1","nrc_no":"","name":"saw","phone":"","busoccurance_id":0,"trip_id":"11131417DAT0600AM2","from":13,"to":14,"extra_destination_id":0,"extra_city_id":0,"operator":11,"agent_id":0,"agent_code":"","price":7200,"commission":0,"free_ticket":0,"free_ticket_remark":"","discount":0,"class_id":17,"foreign_price":7200,"departure_date":"2015-05-12"},{"id":86056,"order_id":"00110400001505","device_id":"*$2y$10$xdRfvAsTfApqMmlIIP6lKuGLvuDPBfphrck3Q3l7mHU9x9CMM4Mt2","ticket_no":"44456","seat_no":"2","nrc_no":"","name":"saw","phone":"","busoccurance_id":0,"trip_id":"11131417DAT0600AM2","from":13,"to":14,"extra_destination_id":0,"extra_city_id":0,"operator":11,"agent_id":0,"agent_code":"","price":7200,"commission":0,"free_ticket":0,"free_ticket_remark":"","discount":0,"class_id":17,"foreign_price":7200,"departure_date":"2015-05-12"},{"id":86057,"order_id":"00110400001505","device_id":"*$2y$10$xdRfvAsTfApqMmlIIP6lKuGLvuDPBfphrck3Q3l7mHU9x9CMM4Mt2","ticket_no":"44456","seat_no":"3","nrc_no":"","name":"saw","phone":"","busoccurance_id":0,"trip_id":"11131417DAT0600AM2","from":13,"to":14,"extra_destination_id":0,"extra_city_id":0,"operator":11,"agent_id":0,"agent_code":"","price":7200,"commission":0,"free_ticket":0,"free_ticket_remark":"","discount":0,"class_id":17,"foreign_price":7200,"departure_date":"2015-05-12"},{"id":86058,"order_id":"00110400001505","device_id":"*$2y$10$xdRfvAsTfApqMmlIIP6lKuGLvuDPBfphrck3Q3l7mHU9x9CMM4Mt2","ticket_no":"44456","seat_no":"4","nrc_no":"","name":"saw","phone":"","busoccurance_id":0,"trip_id":"11131417DAT0600AM2","from":13,"to":14,"extra_destination_id":0,"extra_city_id":0,"operator":11,"agent_id":0,"agent_code":"","price":7200,"commission":0,"free_ticket":0,"free_ticket_remark":"","discount":0,"class_id":17,"foreign_price":7200,"departure_date":"2015-05-12"},{"id":86059,"order_id":"00110400001505","device_id":"*$2y$10$xdRfvAsTfApqMmlIIP6lKuGLvuDPBfphrck3Q3l7mHU9x9CMM4Mt2","ticket_no":"44456","seat_no":"5","nrc_no":"","name":"saw","phone":"","busoccurance_id":0,"trip_id":"11131417DAT0600AM2","from":13,"to":14,"extra_destination_id":0,"extra_city_id":0,"operator":11,"agent_id":0,"agent_code":"","price":7200,"commission":0,"free_ticket":0,"free_ticket_remark":"","discount":0,"class_id":17,"foreign_price":7200,"departure_date":"2015-05-12"},{"id":86060,"order_id":"00110400001505","device_id":"*$2y$10$xdRfvAsTfApqMmlIIP6lKuGLvuDPBfphrck3Q3l7mHU9x9CMM4Mt2","ticket_no":"44456","seat_no":"6","nrc_no":"","name":"saw","phone":"","busoccurance_id":0,"trip_id":"11131417DAT0600AM2","from":13,"to":14,"extra_destination_id":0,"extra_city_id":0,"operator":11,"agent_id":0,"agent_code":"","price":7200,"commission":0,"free_ticket":0,"free_ticket_remark":"","discount":0,"class_id":17,"foreign_price":7200,"departure_date":"2015-05-12"},{"id":86061,"order_id":"00110400001505","device_id":"*$2y$10$xdRfvAsTfApqMmlIIP6lKuGLvuDPBfphrck3Q3l7mHU9x9CMM4Mt2","ticket_no":"44456","seat_no":"7","nrc_no":"","name":"saw","phone":"","busoccurance_id":0,"trip_id":"11131417DAT0600AM2","from":13,"to":14,"extra_destination_id":0,"extra_city_id":0,"operator":11,"agent_id":0,"agent_code":"","price":7200,"commission":0,"free_ticket":0,"free_ticket_remark":"","discount":0,"class_id":17,"foreign_price":7200,"departure_date":"2015-05-12"},{"id":86062,"order_id":"00110400001505","device_id":"*$2y$10$xdRfvAsTfApqMmlIIP6lKuGLvuDPBfphrck3Q3l7mHU9x9CMM4Mt2","ticket_no":"44456","seat_no":"8","nrc_no":"","name":"saw","phone":"","busoccurance_id":0,"trip_id":"11131417DAT0600AM2","from":13,"to":14,"extra_destination_id":0,"extra_city_id":0,"operator":11,"agent_id":0,"agent_code":"","price":7200,"commission":0,"free_ticket":0,"free_ticket_remark":"","discount":0,"class_id":17,"foreign_price":7200,"departure_date":"2015-05-12"},{"id":86063,"order_id":"00110400001505","device_id":"*$2y$10$xdRfvAsTfApqMmlIIP6lKuGLvuDPBfphrck3Q3l7mHU9x9CMM4Mt2","ticket_no":"44456","seat_no":"9","nrc_no":"","name":"saw","phone":"","busoccurance_id":0,"trip_id":"11131417DAT0600AM2","from":13,"to":14,"extra_destination_id":0,"extra_city_id":0,"operator":11,"agent_id":0,"agent_code":"","price":7200,"commission":0,"free_ticket":0,"free_ticket_remark":"","discount":0,"class_id":17,"foreign_price":7200,"departure_date":"2015-05-12"},{"id":86064,"order_id":"00110400001505","device_id":"*$2y$10$xdRfvAsTfApqMmlIIP6lKuGLvuDPBfphrck3Q3l7mHU9x9CMM4Mt2","ticket_no":"44456","seat_no":"10","nrc_no":"","name":"saw","phone":"","busoccurance_id":0,"trip_id":"11131417DAT0600AM2","from":13,"to":14,"extra_destination_id":0,"extra_city_id":0,"operator":11,"agent_id":0,"agent_code":"","price":7200,"commission":0,"free_ticket":0,"free_ticket_remark":"","discount":0,"class_id":17,"foreign_price":7200,"departure_date":"2015-05-12"},{"id":86065,"order_id":"00110400001505","device_id":"*$2y$10$xdRfvAsTfApqMmlIIP6lKuGLvuDPBfphrck3Q3l7mHU9x9CMM4Mt2","ticket_no":"44456","seat_no":"11","nrc_no":"","name":"saw","phone":"","busoccurance_id":0,"trip_id":"11131417DAT0600AM2","from":13,"to":14,"extra_destination_id":0,"extra_city_id":0,"operator":11,"agent_id":0,"agent_code":"","price":7200,"commission":0,"free_ticket":0,"free_ticket_remark":"","discount":0,"class_id":17,"foreign_price":7200,"departure_date":"2015-05-12"},{"id":86066,"order_id":"00110400001505","device_id":"*$2y$10$xdRfvAsTfApqMmlIIP6lKuGLvuDPBfphrck3Q3l7mHU9x9CMM4Mt2","ticket_no":"44456","seat_no":"12","nrc_no":"","name":"saw","phone":"","busoccurance_id":0,"trip_id":"11131417DAT0600AM2","from":13,"to":14,"extra_destination_id":0,"extra_city_id":0,"operator":11,"agent_id":0,"agent_code":"","price":7200,"commission":0,"free_ticket":0,"free_ticket_remark":"","discount":0,"class_id":17,"foreign_price":7200,"departure_date":"2015-05-12"}]}]