[{"id":"4_0000001","orderdate":"2015-01-01","departure_date":"2015-01-01","departure_datetime":"2015-01-01 13:00:00","device_id":"E6EF87B5695F48FBA3E53E1779087B1821CEBB05","reference_no":"","agent_id":"516","name":"\u1005\u102f\u1019\u103c\u1014\u1039\u1031\u1011\u103c\u1038","nrc_no":"","phone":"428186873","operator_id":"11","cash_credit":"1","booking":"0","total_amount":"14400","agent_commission":"1400","user_id":"41","nationality":"local","remark_type":"0","remark":"","created_at":"2015-01-02 02:56:26","updated_at":"2015-01-02 02:56:26","expired_at":"2015-01-01 16:02:42","saleitems":[]},{"id":"4_0000002","orderdate":"2015-01-01","departure_date":"2015-01-01","departure_datetime":"2015-01-01 13:00:00","device_id":"E6EF87B5695F48FBA3E53E1779087B1821CEBB05","reference_no":"","agent_id":"562","name":"\u101a\u1019\u1004\u1039\u1038\u103b\u1019\u1004\u1039\u1037","nrc_no":"","phone":"31690600","operator_id":"11","cash_credit":"1","booking":"0","total_amount":"7200","agent_commission":"700","user_id":"41","nationality":"local","remark_type":"1","remark":"\u1019\u1011\u101e\u1005\u102e\u1038","created_at":"2015-01-02 02:56:49","updated_at":"2015-01-02 02:56:49","expired_at":"2015-01-01 16:04:21","saleitems":[]},{"id":"4_0000003","orderdate":"2015-01-01","departure_date":"2015-01-01","departure_datetime":"2015-01-01 15:00:00","device_id":"E6EF87B5695F48FBA3E53E1779087B1821CEBB05","reference_no":"","agent_id":"510","name":"\u103b\u1019\u1004\u1039\u1037\u1031\u1006\u103c","nrc_no":"","phone":"2450445","operator_id":"11","cash_credit":"1","booking":"0","total_amount":"14400","agent_commission":"1400","user_id":"41","nationality":"local","remark_type":"0","remark":"","created_at":"2015-01-02 03:01:05","updated_at":"2015-01-02 03:01:05","expired_at":"2015-01-01 16:06:58","saleitems":[]},{"id":"5_0000001","orderdate":"2015-01-01","departure_date":"2015-01-01","departure_datetime":"2015-01-01 05:00:00","device_id":"*$2y$10$8D78aHoHyWJIO2cOmjHAjub6BYCyb4bj34\/uQtrpSkxpXYO8F2GyG","reference_no":"","agent_id":"492","name":"","nrc_no":"","phone":"","operator_id":"11","cash_credit":"1","booking":"0","total_amount":"0","agent_commission":"0","user_id":"27","nationality":"","remark_type":"0","remark":"","created_at":"2015-01-01 08:54:22","updated_at":"2015-01-01 08:54:22","expired_at":"2015-01-01 15:39:11","saleitems":[]},{"id":"5_0000007","orderdate":"2015-01-02","departure_date":"2015-01-04","departure_datetime":"2015-01-04 16:00:00","device_id":"FCF5E6722C937C192F54BC3C466A7A944764FA4E","reference_no":"","agent_id":"776","name":"AMGL","nrc_no":"","phone":"01636699","operator_id":"11","cash_credit":"1","booking":"0","total_amount":"28400","agent_commission":"2000","user_id":"27","nationality":"local","remark_type":"0","remark":"","created_at":"2015-01-02 04:02:40","updated_at":"2015-01-02 04:02:40","expired_at":"2015-01-02 10:23:44","saleitems":[]},{"id":"5_0000018","orderdate":"2015-01-02","departure_date":"2015-01-04","departure_datetime":"2015-01-04 17:00:00","device_id":"FCF5E6722C937C192F54BC3C466A7A944764FA4E","reference_no":"","agent_id":"562","name":"d mi mi ko","nrc_no":"","phone":"0943184672","operator_id":"11","cash_credit":"1","booking":"0","total_amount":"88800","agent_commission":"6000","user_id":"27","nationality":"local","remark_type":"0","remark":"","created_at":"2015-01-02 04:23:29","updated_at":"2015-01-02 04:23:29","expired_at":"2015-01-02 11:04:53","saleitems":[]},{"id":"5_0000351","orderdate":"2015-01-06","departure_date":"2015-01-06","departure_datetime":"2015-01-06 07:00:00","device_id":"*$2y$10$6kkO\/LSEF8lSTJTDSmICeOFn8baGGUjtq4hJppRCnV8Ug3l.m.lJS","reference_no":"","agent_id":"492","name":"","nrc_no":"","phone":"","operator_id":"11","cash_credit":"1","booking":"0","total_amount":"0","agent_commission":"0","user_id":"27","nationality":"","remark_type":"0","remark":"","created_at":"2015-01-06 06:11:07","updated_at":"2015-01-06 06:11:07","expired_at":"2015-01-06 12:51:47","saleitems":[]},{"id":"5_0000589","orderdate":"2015-01-08","departure_date":"2015-01-08","departure_datetime":"2015-01-08 07:00:00","device_id":"*$2y$10$AG57agp3K73DPDW43i0hGuWTNOIPgHCZNKeXmNeYRZo0MlfQ3\/T9i","reference_no":"","agent_id":"492","name":"","nrc_no":"","phone":"","operator_id":"11","cash_credit":"1","booking":"0","total_amount":"0","agent_commission":"0","user_id":"27","nationality":"","remark_type":"0","remark":"","created_at":"2015-01-08 04:37:03","updated_at":"2015-01-08 04:37:03","expired_at":"2015-01-08 11:21:01","saleitems":[]},{"id":"5_0000590","orderdate":"2015-01-08","departure_date":"2015-01-08","departure_datetime":"2015-01-08 10:00:00","device_id":"*$2y$10$pHnsji1Dut\/W.cQqyEOgx.2XAoqJPK4J4SxYcTtHyH76tAPeRvvwC","reference_no":"","agent_id":"492","name":"","nrc_no":"","phone":"","operator_id":"11","cash_credit":"1","booking":"0","total_amount":"0","agent_commission":"0","user_id":"27","nationality":"","remark_type":"0","remark":"","created_at":"2015-01-08 04:40:09","updated_at":"2015-01-08 04:40:09","expired_at":"2015-01-08 11:24:56","saleitems":[]},{"id":"5_0000615","orderdate":"2015-01-08","departure_date":"2015-01-08","departure_datetime":"2015-01-08 05:00:00","device_id":"*$2y$10$h8PErbNUSBTICgCYJY3Gf.IsrBI8XFyzF.CLCsD3ZoGreUImvGVVK","reference_no":"","agent_id":"492","name":"","nrc_no":"","phone":"","operator_id":"11","cash_credit":"1","booking":"0","total_amount":"0","agent_commission":"0","user_id":"27","nationality":"","remark_type":"0","remark":"","created_at":"2015-01-08 07:22:15","updated_at":"2015-01-08 07:22:15","expired_at":"2015-01-08 14:06:54","saleitems":[]},{"id":"5_0000748","orderdate":"2015-01-09","departure_date":"2015-01-08","departure_datetime":"2015-01-08 07:00:00","device_id":"*$2y$10$sYinL4dvo6BsCrFMBJy4b.QW0QzfI9rjBjQvYfC\/Ax.PZumSsfFzm","reference_no":"","agent_id":"492","name":"","nrc_no":"","phone":"","operator_id":"11","cash_credit":"1","booking":"0","total_amount":"0","agent_commission":"0","user_id":"27","nationality":"","remark_type":"0","remark":"","created_at":"2015-01-09 09:31:09","updated_at":"2015-01-09 09:31:09","expired_at":"2015-01-09 16:15:47","saleitems":[]},{"id":"5_0000857","orderdate":"2015-01-10","departure_date":"2015-01-01","departure_datetime":"2015-01-01 06:00:00","device_id":"*$2y$10$qYHWjY2TT1Bil\/4QvpYWaeaKq4fWfADtxhKq4.AsO21Jv86oXP\/UC","reference_no":"","agent_id":"492","name":"","nrc_no":"","phone":"","operator_id":"11","cash_credit":"1","booking":"0","total_amount":"0","agent_commission":"0","user_id":"27","nationality":"","remark_type":"0","remark":"","created_at":"2015-01-10 04:27:46","updated_at":"2015-01-10 04:27:46","expired_at":"2015-01-10 11:12:35","saleitems":[]},{"id":"5_0000869","orderdate":"2015-01-10","departure_date":"2015-01-01","departure_datetime":"2015-01-01 07:00:00","device_id":"*$2y$10$qaSCW1SjdXl1V4gHrjkh2.d65JPcHm\/Yf.fXeopy\/MRyVgbaBh8IW","reference_no":"","agent_id":"492","name":"","nrc_no":"","phone":"","operator_id":"11","cash_credit":"1","booking":"0","total_amount":"0","agent_commission":"0","user_id":"27","nationality":"","remark_type":"0","remark":"","created_at":"2015-01-10 04:45:45","updated_at":"2015-01-10 04:45:45","expired_at":"2015-01-10 11:28:30","saleitems":[]},{"id":"5_0000939","orderdate":"2015-01-10","departure_date":"2015-01-01","departure_datetime":"2015-01-01 09:00:00","device_id":"*$2y$10$CAvFgShaDFhXTUOYZ0VKMO1J0sZSUGdCCbzvC\/K4Vosx39157iQVC","reference_no":"","agent_id":"492","name":"","nrc_no":"","phone":"","operator_id":"11","cash_credit":"1","booking":"0","total_amount":"0","agent_commission":"0","user_id":"27","nationality":"","remark_type":"0","remark":"","created_at":"2015-01-10 07:15:27","updated_at":"2015-01-10 07:15:27","expired_at":"2015-01-10 13:53:29","saleitems":[]},{"id":"5_0001027","orderdate":"2015-01-10","departure_date":"2015-01-01","departure_datetime":"2015-01-01 21:00:00","device_id":"*$2y$10$7JgWG5SBEBttEf8L6l7MmuN9fvKR\/newMwnJ9FLyWg9WcwSC6qdJG","reference_no":"","agent_id":"492","name":"","nrc_no":"","phone":"","operator_id":"11","cash_credit":"1","booking":"0","total_amount":"0","agent_commission":"0","user_id":"27","nationality":"","remark_type":"0","remark":"","created_at":"2015-01-10 08:37:24","updated_at":"2015-01-10 08:37:24","expired_at":"2015-01-10 15:20:36","saleitems":[]},{"id":"5_0001034","orderdate":"2015-01-10","departure_date":"2015-01-01","departure_datetime":"2015-01-01 21:00:00","device_id":"*$2y$10$98oBOezNUIsiobJsW.RjIuzu2d5EtRsWOvY8OnWCB1d.f4VdXUQVC","reference_no":"","agent_id":"492","name":"","nrc_no":"","phone":"","operator_id":"11","cash_credit":"1","booking":"0","total_amount":"0","agent_commission":"0","user_id":"27","nationality":"","remark_type":"0","remark":"","created_at":"2015-01-10 08:39:23","updated_at":"2015-01-10 08:39:23","expired_at":"2015-01-10 15:23:54","saleitems":[]},{"id":"5_0001306","orderdate":"2015-01-11","departure_date":"2015-01-12","departure_datetime":"2015-01-12 07:30:00","device_id":"*$2y$10$lTI8HUPr5CqAxFJxXSkdIeXCzBKGWzGFGnF0KI0qGhbaIJBW6eFrK","reference_no":"","agent_id":"492","name":"","nrc_no":"","phone":"","operator_id":"11","cash_credit":"1","booking":"0","total_amount":"0","agent_commission":"0","user_id":"27","nationality":"","remark_type":"0","remark":"","created_at":"2015-01-11 12:54:22","updated_at":"2015-01-11 12:54:22","expired_at":"2015-01-11 19:38:43","saleitems":[]},{"id":"5_0001554","orderdate":"2015-01-12","departure_date":"2015-01-12","departure_datetime":"2015-01-12 20:00:00","device_id":"*$2y$10$dpP90WebMW4A.FTUkHdIQORNr.SD8M71T4aPekVeNl8Yx1791BaHi","reference_no":"","agent_id":"492","name":"","nrc_no":"","phone":"","operator_id":"11","cash_credit":"1","booking":"0","total_amount":"0","agent_commission":"0","user_id":"27","nationality":"","remark_type":"0","remark":"","created_at":"2015-01-12 07:52:55","updated_at":"2015-01-12 07:52:55","expired_at":"2015-01-12 14:37:26","saleitems":[]},{"id":"5_0001630","orderdate":"2015-01-22","departure_date":"2015-01-22","departure_datetime":"2015-01-22 05:00:00","device_id":"*$2y$10$VzKLNyXym0loTrVypOzT0urVq94QcZOt03mmHX7S5\/YbIDu00Hx\/6","reference_no":"","agent_id":"504","name":"","nrc_no":"","phone":"","operator_id":"11","cash_credit":"1","booking":"0","total_amount":"0","agent_commission":"0","user_id":"27","nationality":"","remark_type":"0","remark":"","created_at":"2015-01-22 08:40:42","updated_at":"2015-01-22 08:40:42","expired_at":"2015-01-22 15:25:41","saleitems":[]},{"id":"5_0001795","orderdate":"2015-01-13","departure_date":"2015-01-14","departure_datetime":"2015-01-14 20:00:00","device_id":"845312AFE00C9E91D334FCE511F2A877D7ECCCE6","reference_no":"","agent_id":"672","name":"\u1031\u1012\u105a\u103b\u1019\u1010\u1039\u103b\u1016\u1034 \u103b\u1016\u1034\u1031\u1006\u103c","nrc_no":"","phone":"09425306141","operator_id":"11","cash_credit":"1","booking":"0","total_amount":"80800","agent_commission":"6000","user_id":"27","nationality":"local","remark_type":"0","remark":"","created_at":"2015-01-13 02:44:03","updated_at":"2015-01-13 07:24:49","expired_at":"2015-01-13 09:29:02","saleitems":[]},{"id":"5_0001852","orderdate":"2015-01-13","departure_date":"2015-01-15","departure_datetime":"2015-01-15 20:00:00","device_id":"845312AFE00C9E91D334FCE511F2A877D7ECCCE6","reference_no":"","agent_id":"505","name":"\u1000\u102f\u102d\u1031\u1021\u102c\u1004\u1039\u1014\u102f\u102d\u1004\u1039\u1025\u102e\u1038","nrc_no":"","phone":"0949323815","operator_id":"11","cash_credit":"1","booking":"0","total_amount":"101000","agent_commission":"7500","user_id":"27","nationality":"local","remark_type":"0","remark":"","created_at":"2015-01-13 04:01:11","updated_at":"2015-01-13 08:34:25","expired_at":"2015-01-13 10:46:10","saleitems":[]},{"id":"5_0002025","orderdate":"2015-01-13","departure_date":"2015-01-13","departure_datetime":"2015-01-13 12:30:00","device_id":"FCF5E6722C937C192F54BC3C466A7A944764FA4E","reference_no":"","agent_id":"742","name":"\u1031\u1007\u102c\u1039\u103b\u1000\u102e\u1038","nrc_no":"","phone":"09420111215","operator_id":"11","cash_credit":"1","booking":"0","total_amount":"7200","agent_commission":"700","user_id":"27","nationality":"local","remark_type":"0","remark":"","created_at":"2015-01-13 08:27:24","updated_at":"2015-01-13 08:28:10","expired_at":"2015-01-13 15:12:23","saleitems":[]},{"id":"5_0002266","orderdate":"2014-12-30","departure_date":"2015-01-02","departure_datetime":"2015-01-02 20:00:00","device_id":"6417875C88DE05A253A30A16AF4D5C79E7F4CFAF","reference_no":"","agent_id":"764","name":"\u1000\u102d\u102f\u1031\u1021\u102c\u1004\u1039\u1031\u1007\u102c\u1039\u101c\u1010\u1039","nrc_no":"","phone":"092026915","operator_id":"11","cash_credit":"1","booking":"0","total_amount":"10700","agent_commission":"1000","user_id":"27","nationality":"local","remark_type":"0","remark":"","created_at":"2015-01-14 06:07:25","updated_at":"2015-01-14 06:08:54","expired_at":"2015-01-14 12:52:24","saleitems":[]},{"id":"5_0002278","orderdate":"2015-01-14","departure_date":"2015-01-14","departure_datetime":"2015-01-14 20:30:00","device_id":"E6EF87B5695F48FBA3E53E1779087B1821CEBB05","reference_no":"","agent_id":"532","name":"\u101e\u1000\u1039\u1015\u102f\u102d\u1004\u1039\u1005\u102f\u102d\u1038\u101e\u102d\u1014\u1039\u1038","nrc_no":"","phone":"09258561700","operator_id":"11","cash_credit":"1","booking":"0","total_amount":"21600","agent_commission":"2100","user_id":"27","nationality":"local","remark_type":"0","remark":"","created_at":"2015-01-14 06:21:28","updated_at":"2015-01-14 06:24:20","expired_at":"2015-01-14 13:06:26","saleitems":[]},{"id":"5_0002309","orderdate":"2015-01-01","departure_date":"2015-01-02","departure_datetime":"2015-01-02 15:00:00","device_id":"6417875C88DE05A253A30A16AF4D5C79E7F4CFAF","reference_no":"","agent_id":"540","name":"\u1019\u1021\u102d\u103b\u108f\u1075\u102c\u1031\u1006\u103c","nrc_no":"","phone":"00000000","operator_id":"11","cash_credit":"1","booking":"0","total_amount":"7200","agent_commission":"700","user_id":"27","nationality":"local","remark_type":"0","remark":"","created_at":"2015-01-14 07:02:28","updated_at":"2015-01-14 07:03:42","expired_at":"2015-01-14 13:47:27","saleitems":[]},{"id":"5_0002311","orderdate":"2015-01-14","departure_date":"2015-01-14","departure_datetime":"2015-01-14 20:30:00","device_id":"7651BFE177CCE2F5A249BDE0035DC50B936E0B11","reference_no":"","agent_id":"504","name":"\u1014\u102d\u102f\u1004\u1039\u1000\u102d\u102f\u1000\u102d\u102f","nrc_no":"","phone":"095012101","operator_id":"11","cash_credit":"1","booking":"0","total_amount":"7200","agent_commission":"700","user_id":"27","nationality":"local","remark_type":"0","remark":"","created_at":"2015-01-14 07:04:14","updated_at":"2015-01-14 07:05:48","expired_at":"2015-01-14 13:49:13","saleitems":[]},{"id":"5_0002389","orderdate":"2015-01-01","departure_date":"2015-01-02","departure_datetime":"2015-01-02 20:30:00","device_id":"86BFB4D2EBB8629FA7F0F0A27C4BCECE5BC7B4DE","reference_no":"","agent_id":"561","name":"\u1031\u1021\u102c\u1004\u1039\u103b\u1019\u1010\u1039\u101c\u1004\u1039\u1038","nrc_no":"","phone":"09795924480","operator_id":"11","cash_credit":"1","booking":"0","total_amount":"7200","agent_commission":"700","user_id":"27","nationality":"local","remark_type":"0","remark":"","created_at":"2015-01-14 09:00:54","updated_at":"2015-01-14 09:02:10","expired_at":"2015-01-14 15:45:53","saleitems":[]},{"id":"5_0002442","orderdate":"2015-01-21","departure_date":"2015-01-21","departure_datetime":"2015-01-21 05:00:00","device_id":"*$2y$10$uOS60h\/.b9BlmRPP7FqII.qTyovF6W.2NDEZM2\/v.Ynn3bkIQBuJe","reference_no":"","agent_id":"504","name":"","nrc_no":"","phone":"","operator_id":"11","cash_credit":"1","booking":"0","total_amount":"0","agent_commission":"0","user_id":"27","nationality":"","remark_type":"0","remark":"","created_at":"2015-01-21 06:14:12","updated_at":"2015-01-21 06:14:12","expired_at":"2015-01-21 12:59:10","saleitems":[]},{"id":"5_0002445","orderdate":"2015-01-21","departure_date":"2015-01-21","departure_datetime":"2015-01-21 05:00:00","device_id":"*$2y$10$wGQbD9xCCC.u.TPjlXUn5Ocziz1B\/eD\/V6LGd.vXI166bSrhlsAMS","reference_no":"","agent_id":"504","name":"","nrc_no":"","phone":"","operator_id":"11","cash_credit":"1","booking":"0","total_amount":"0","agent_commission":"0","user_id":"27","nationality":"","remark_type":"0","remark":"","created_at":"2015-01-21 11:48:49","updated_at":"2015-01-21 11:48:49","expired_at":"2015-01-21 18:33:46","saleitems":[]},{"id":"9_0000004","orderdate":"2015-01-01","departure_date":"2014-12-31","departure_datetime":"2014-12-31 23:00:00","device_id":"86BFB4D2EBB8629FA7F0F0A27C4BCECE5BC7B4DE","reference_no":"","agent_id":"532","name":"\u1000\u102d\u102f\u1019\u103a\u102d\u1033\u1038\u101d\u1004\u1039\u1038\u101c\u1010\u1039","nrc_no":"","phone":"32487938","operator_id":"11","cash_credit":"1","booking":"0","total_amount":"7200","agent_commission":"700","user_id":"40","nationality":"local","remark_type":"0","remark":"","created_at":"2015-01-02 03:31:43","updated_at":"2015-01-02 03:31:43","expired_at":"2015-01-01 16:03:37","saleitems":[]},{"id":"9_0000034","orderdate":"2015-01-01","departure_date":"2015-01-03","departure_datetime":"2015-01-03 18:00:00","device_id":"845312AFE00C9E91D334FCE511F2A877D7ECCCE6","reference_no":"","agent_id":"769","name":"SKB","nrc_no":"","phone":"01656830","operator_id":"11","cash_credit":"1","booking":"0","total_amount":"80800","agent_commission":"6000","user_id":"39","nationality":"local","remark_type":"0","remark":"","created_at":"2015-01-02 04:03:44","updated_at":"2015-01-02 04:03:44","expired_at":"2015-01-01 16:34:47","saleitems":[]},{"id":"9_0000065","orderdate":"2015-01-01","departure_date":"2015-01-02","departure_datetime":"2015-01-02 18:00:00","device_id":"2E798709C515560BA1F3F125115E93E0F17F6A05","reference_no":"","agent_id":"771","name":"A M G L","nrc_no":"","phone":"-","operator_id":"11","cash_credit":"1","booking":"0","total_amount":"20200","agent_commission":"1500","user_id":"43","nationality":"local","remark_type":"0","remark":"","created_at":"2015-01-02 05:28:33","updated_at":"2015-01-02 05:28:33","expired_at":"2015-01-01 17:16:58","saleitems":[]},{"id":"9_0000077","orderdate":"2015-01-01","departure_date":"2015-01-02","departure_datetime":"2015-01-02 17:30:00","device_id":"86BFB4D2EBB8629FA7F0F0A27C4BCECE5BC7B4DE","reference_no":"","agent_id":"710","name":"\u1019\u1025\u1068\u1034\u1031\u1021\u1038","nrc_no":"","phone":"09","operator_id":"11","cash_credit":"1","booking":"0","total_amount":"25400","agent_commission":"2000","user_id":"27","nationality":"local","remark_type":"0","remark":"","created_at":"2015-01-01 10:42:05","updated_at":"2015-01-01 10:42:44","expired_at":"2015-01-01 17:27:04","saleitems":[]},{"id":"9_0000106","orderdate":"2015-01-02","departure_date":"2015-01-03","departure_datetime":"2015-01-03 07:00:00","device_id":"2E798709C515560BA1F3F125115E93E0F17F6A05","reference_no":"","agent_id":"771","name":"A M G L","nrc_no":"","phone":"-","operator_id":"11","cash_credit":"1","booking":"0","total_amount":"42600","agent_commission":"3000","user_id":"43","nationality":"local","remark_type":"0","remark":"","created_at":"2015-01-02 05:28:46","updated_at":"2015-01-02 05:28:46","expired_at":"2015-01-02 09:36:29","saleitems":[]},{"id":"9_0000173","orderdate":"2015-01-02","departure_date":"2015-01-02","departure_datetime":"2015-01-02 05:00:00","device_id":"86BFB4D2EBB8629FA7F0F0A27C4BCECE5BC7B4DE","reference_no":"","agent_id":"579","name":"ma khin san aye","nrc_no":"","phone":"095032851","operator_id":"11","cash_credit":"1","booking":"0","total_amount":"14400","agent_commission":"1400","user_id":"27","nationality":"local","remark_type":"0","remark":"","created_at":"2015-01-02 05:05:15","updated_at":"2015-01-02 05:06:23","expired_at":"2015-01-02 11:50:14","saleitems":[]},{"id":"9_0000199","orderdate":"2015-01-02","departure_date":"2015-01-05","departure_datetime":"2015-01-05 07:00:00","device_id":"7651BFE177CCE2F5A249BDE0035DC50B936E0B11","reference_no":"","agent_id":"540","name":"\u1019\u1031\u1001\u103a\u102c2","nrc_no":"","phone":"975085421","operator_id":"11","cash_credit":"1","booking":"0","total_amount":"14400","agent_commission":"1400","user_id":"42","nationality":"local","remark_type":"0","remark":"","created_at":"2015-01-02 08:11:11","updated_at":"2015-01-02 08:11:11","expired_at":"2015-01-02 14:30:40","saleitems":[]}]