[{"id":"5_0001097","orderdate":"2014-12-01","departure_date":"2014-12-01","departure_datetime":"2014-12-01 05:00:00","device_id":"6417875C88DE05A253A30A16AF4D5C79E7F4CFAF","reference_no":"","agent_id":"532","name":"U Khin Maung Than","nrc_no":"","phone":"49579862","operator_id":"11","cash_credit":"1","booking":"0","total_amount":"7200","agent_commission":"700","user_id":"0","nationality":"local","remark_type":"0","remark":"","created_at":"2014-12-18 05:46:19","updated_at":"2014-12-18 05:46:19","expired_at":"2014-12-01 09:33:34","saleitems":[{"id":"1","order_id":"5_0001097","device_id":"6417875C88DE05A253A30A16AF4D5C79E7F4CFAF","ticket_no":"578035","seat_no":"9","nrc_no":"","name":"U Khin Maung Than","phone":"","busoccurance_id":"31","trip_id":"49","from":"13","to":"14","extra_destination_id":"0","extra_city_id":"0","operator":"11","agent_id":"532","price":"7200","free_ticket":"0","class_id":"17","foreign_price":"7200","departure_date":"2014-12-01"}]},{"id":"5_0001099","orderdate":"2014-12-01","departure_date":"2014-12-01","departure_datetime":"2014-12-01 11:30:00","device_id":"FCF5E6722C937C192F54BC3C466A7A944764FA4E","reference_no":"","agent_id":"532","name":"Ko Myo Min Than","nrc_no":"","phone":"09448044674","operator_id":"11","cash_credit":"1","booking":"0","total_amount":"15400","agent_commission":"1000","user_id":"0","nationality":"local","remark_type":"0","remark":"","created_at":"2014-12-18 05:48:44","updated_at":"2014-12-18 05:48:44","expired_at":"2014-12-01 09:35:56","saleitems":[{"id":"2","order_id":"5_0001099","device_id":"FCF5E6722C937C192F54BC3C466A7A944764FA4E","ticket_no":"578133","seat_no":"11","nrc_no":"","name":"Ko Myo Min Than","phone":"","busoccurance_id":"4490","trip_id":"139","from":"13","to":"22","extra_destination_id":"1","extra_city_id":"29","operator":"11","agent_id":"532","price":"7700","free_ticket":"0","class_id":"17","foreign_price":"7700","departure_date":"2014-12-01"},{"id":"3","order_id":"5_0001099","device_id":"FCF5E6722C937C192F54BC3C466A7A944764FA4E","ticket_no":"578134","seat_no":"15","nrc_no":"","name":"Ko Myo Min Than","phone":"","busoccurance_id":"4490","trip_id":"139","from":"13","to":"22","extra_destination_id":"1","extra_city_id":"29","operator":"11","agent_id":"532","price":"7700","free_ticket":"0","class_id":"17","foreign_price":"7700","departure_date":"2014-12-01"}]},{"id":"5_0001884","orderdate":"2015-01-01","departure_date":"2015-01-01","departure_datetime":"0000-00-00 00:00:00","device_id":"*$2y$10$AihBbGFRz2aK9xLgrMNVW.6qhpXhJXAPz1sbnhGf79sAlA2kTOeKm","reference_no":"","agent_id":"492","name":"","nrc_no":"","phone":"","operator_id":"11","cash_credit":"1","booking":"0","total_amount":"0","agent_commission":"0","user_id":"27","nationality":"","remark_type":"0","remark":"","created_at":"2015-01-01 08:29:27","updated_at":"2015-01-01 08:29:27","expired_at":"2015-01-01 15:12:13","saleitems":[]}]