[{"id":"1","operator_id":"11","user_id":"30","color":"1","created_at":"2014-12-23 00:00:00","updated_at":"2014-12-23 00:00:00"},{"id":"2","operator_id":"11","user_id":"29","color":"2","created_at":"2014-12-23 00:00:00","updated_at":"2014-12-23 00:00:00"},{"id":"4","operator_id":"11","user_id":"28","color":"3","created_at":"2014-12-23 00:00:00","updated_at":"2014-12-23 00:00:00"},{"id":"5","operator_id":"11","user_id":"27","color":"0","created_at":"2014-12-23 00:00:00","updated_at":"2014-12-23 00:00:00"},{"id":"6","operator_id":"11","user_id":"27","color":"0","created_at":"2015-01-16 07:36:39","updated_at":"2015-01-16 07:36:39"}]