[{"id":"1","operator_id":"11","user_id":"30","color":"1","created_at":"0000-00-00 00:00:00","updated_at":"0000-00-00 00:00:00"},{"id":"2","operator_id":"11","user_id":"29","color":"2","created_at":"0000-00-00 00:00:00","updated_at":"0000-00-00 00:00:00"},{"id":"4","operator_id":"11","user_id":"28","color":"3","created_at":"0000-00-00 00:00:00","updated_at":"0000-00-00 00:00:00"},{"id":"5","operator_id":"11","user_id":"27","color":"0","created_at":"0000-00-00 00:00:00","updated_at":"0000-00-00 00:00:00"},{"id":"8","operator_id":"11","user_id":"30","color":"0","created_at":"2014-12-24 06:26:48","updated_at":"2014-12-24 06:26:48"},{"id":"9","operator_id":"11","user_id":"28","color":"0","created_at":"2014-12-24 06:27:06","updated_at":"2014-12-24 06:27:06"},{"id":"10","operator_id":"11","user_id":"29","color":"0","created_at":"2014-12-24 06:27:50","updated_at":"2014-12-24 06:27:50"}]