[{"id":"8","name":"Shwe Nan Taw","address":"Yangon(Myanmar).","phone":"-","user_id":"13","created_at":"0000-00-00 00:00:00","updated_at":"0000-00-00 00:00:00"},{"id":"9","name":"Myat Mindalar Tun","address":"Yangon(Myanmar)","phone":"-","user_id":"14","created_at":"0000-00-00 00:00:00","updated_at":"0000-00-00 00:00:00"},{"id":"10","name":"Mandalar Min","address":"Yangon(Myanmar)","phone":"-","user_id":"15","created_at":"0000-00-00 00:00:00","updated_at":"0000-00-00 00:00:00"},{"id":"11","name":"ELITE","address":"Aung Min GA Lar","phone":"-","user_id":"27","created_at":"0000-00-00 00:00:00","updated_at":"0000-00-00 00:00:00"}]